City_ID,City,Country,Max Temp,Current Description,Lat,Lng,Hotel Name
1,Labuhan,ID,80.04,overcast clouds,-6.8844,112.2051,PT PPI Lamongan Tambak C
2,Punta Arenas,CL,57.31,broken clouds,-53.15,-70.9167,Hotel Hain
3,Najran,SA,70.45,clear sky,17.4924,44.1277,ŸÖÿ≠ŸÖÿØ ŸáÿßÿØŸä ÿßŸÑ ŸÅÿ∑Ÿäÿ≠
4,Georgetown,MY,80.89,scattered clouds,5.4112,100.3354,Cititel Penang
5,Rikitea,PF,75.99,clear sky,-23.1203,-134.9692,People ThankYou
6,Riyadh,SA,66.34,clear sky,24.6877,46.7219,"InterContinental Riyadh, an IHG Hotel"
7,Takoradi,GH,84.04,broken clouds,4.8845,-1.7554,Raybow International Hotel
8,Busselton,AU,58.08,clear sky,-33.65,115.3333,Observatory Guest House
9,Ushuaia,AR,53.22,broken clouds,-54.8,-68.3,Albatros Hotel
10,Port Alfred,ZA,66.31,scattered clouds,-33.5906,26.891,The Halyards Hotel
11,Olafsvik,IS,36.28,overcast clouds,64.8945,-23.7142,Hotel Olafsvik
12,Port Elizabeth,ZA,68.29,scattered clouds,-33.918,25.5701,39 On Nile Guest House
13,Raudeberg,NO,32.67,overcast clouds,61.9875,5.1352,Nordre Silda.
14,Arraial Do Cabo,BR,78.76,scattered clouds,-22.9661,-42.0278,Pousada Porto Praia
15,Napier,NZ,63.28,overcast clouds,-39.4833,176.9167,The Nautilus Napier
16,Narasannapeta,IN,68.27,moderate rain,18.4167,84.05,G.lingaraju home
17,Hermanus,ZA,67.8,scattered clouds,-34.4187,19.2345,Misty Waves Boutique Hotel
18,Isangel,VU,75.31,overcast clouds,-19.55,169.2667,Tanna Lodge
19,Ribeira Grande,PT,68.4,scattered clouds,38.5167,-28.7,Quinta da Meia Eira
20,Bethel,US,45.01,broken clouds,41.3712,-73.414,Courtyard by Marriott Danbury
22,Kavieng,PG,81.86,few clouds,-2.5744,150.7967,Nusa Island Retreat
23,Hasaki,JP,39.6,clear sky,35.7333,140.8333,Hotel Sunrise Choshi
25,Sola,VU,75.87,broken clouds,-13.8833,167.55,Leumerus Bungalows
26,Carnarvon,AU,73.47,clear sky,-24.8667,113.6333,Hospitality Carnarvon
27,Matay,EG,66.15,overcast clouds,28.419,30.7792,Nag Aespen
28,Morant Bay,JM,85.62,overcast clouds,17.8815,-76.4093,Whispering Bamboo Cove Resort
29,Esperance,AU,53.44,clear sky,-33.8667,121.9,Hospitality Esperance
30,Longyearbyen,SJ,33.64,shower sleet,78.2186,15.6401,"Radisson Blu Polar Hotel, Spitsbergen"
31,East London,ZA,68.94,broken clouds,-33.0153,27.9116,Tu Casa
32,Kapit,MY,74.97,overcast clouds,2.0167,112.9333,Hotel Meligai Kapit
33,Hilo,US,74.28,clear sky,19.7297,-155.09,Hilo Hawaiian Hotel
35,Severo-Kurilsk,RU,39.51,broken clouds,50.6789,156.125,Kak Doma
37,Khandbari,NP,59.43,overcast clouds,27.3747,87.2039,Sainik Hotel And Lodge
38,Hithadhoo,MV,81.63,few clouds,-0.6,73.0833,Scoop Guest House
39,Kununurra,AU,84.18,overcast clouds,-15.7667,128.7333,Hotel Kununurra
40,Carballo,ES,55.9,overcast clouds,43.213,-8.691,Pazo do Souto
41,Castro,BR,72.7,overcast clouds,-24.7911,-50.0119,CHACARA BAILLY
43,Leh,IN,20.37,clear sky,34.1667,77.5833,Hotel Ladakh Greens
44,Avarua,CK,73.45,overcast clouds,-21.2078,-159.775,Paradise Inn
45,Shimoda,JP,49.1,clear sky,34.6667,138.95,Shimoda Tokyu Hotel
46,Jamestown,US,36.01,overcast clouds,42.097,-79.2353,Hampton Inn & Suites Jamestown
48,Margate,GB,47.91,overcast clouds,51.3813,1.3862,Premier Inn Margate hotel
49,Bluff,NZ,58.8,broken clouds,-46.6,168.3333,Bluff Homestead - Guesthouse & Campervan Park
50,Vardo,NO,30.18,broken clouds,70.3705,31.1107,Vard√∏ Hotel AS
51,Nouadhibou,MR,76.98,sand,20.931,-17.0347,El Medina
52,Jinchang,CN,31.98,clear sky,38.4953,102.1739,Mingshihui Jinchang International Hotel
53,Hobart,AU,55.26,broken clouds,-42.8794,147.3294,Mantra on Collins Hobart
54,Seka,TH,56.28,broken clouds,17.9285,103.9552,‡πÇ‡∏£‡∏á‡πÅ‡∏£‡∏°‡πÄ‡∏™‡∏≤‡∏ß‡∏•‡∏±‡∏Å‡∏©‡∏ì‡πå‡∏ß‡∏¥‡∏•‡∏•‡πà‡∏≤
55,Mataura,NZ,58.48,light rain,-46.1927,168.8643,Ellie's Villa
56,Puerto Ayora,EC,75.16,overcast clouds,-0.7393,-90.3518,Finch Bay Galapagos Hotel
57,Atuona,PF,78.21,few clouds,-9.8,-139.0333,Villa Enata
58,Svetlogorsk,BY,30.56,overcast clouds,52.6333,29.7333,Hotel Svetlogorsk JBIK
59,Damietta,EG,67.89,overcast clouds,31.4165,31.8133,SULIMAN INN
60,Lasa,IT,31.69,clear sky,46.6166,10.7002,Pension Feldg√§rtenhof
62,Codrington,AU,54.41,overcast clouds,-38.2667,141.9667,Codrington Gardens Bed And Breakfast
63,Mogadishu,SO,80.65,scattered clouds,2.0371,45.3438,Hotel Juba
64,Asuncion Nochixtlan,MX,58.44,overcast clouds,17.4667,-97.2333,Hotel Kristal
65,Lebu,CL,57.85,clear sky,-37.6167,-73.65,Hostal Las Lilas
66,New Norfolk,AU,54.91,broken clouds,-42.7826,147.0587,The Shingles Riverside Cottages
68,Coihaique,CL,61.41,few clouds,-45.5752,-72.0662,Diego De Almagro Coyhaique
69,Ancud,CL,60.33,clear sky,-41.8697,-73.8203,Hotel Arena Gruesa
70,Ruwi,OM,75.97,clear sky,23.5996,58.5507,Al Falaj Hotel
71,Margherita,IN,64.81,overcast clouds,27.2833,95.6833,Dehing Guest House
73,Unai,BR,87.73,broken clouds,-16.3575,-46.9061,Hotel Regente
74,Moratuwa,LK,82.42,overcast clouds,6.773,79.8816,Sa Mansion By Yoho
75,Mar Del Plata,AR,73.42,light rain,-38.0023,-57.5575,Gran Hotel Mar del Plata
76,Bredasdorp,ZA,67.28,overcast clouds,-34.5322,20.0403,Bredasdorp Country Manor
77,Kapaa,US,73.38,light rain,22.0752,-159.319,Sheraton Kauai Coconut Beach Resort
80,Nizwa,OM,71.87,clear sky,22.9333,57.5333,Orient Apartments
82,Magelang,ID,76.75,overcast clouds,-7.4706,110.2178,Puri Asri Magelang Hotel & Resort
83,Alice Springs,AU,72.95,scattered clouds,-23.7,133.8833,Desert Palms Alice Springs
84,Laguna,US,62.01,fog,38.421,-121.4238,"Holiday Inn Express & Suites Elk Grove Central - Hwy 99, an IHG Hotel"
85,Mangan,IN,64.69,broken clouds,27.5167,88.5333,Hotel Mout View
86,Salalah,OM,76.06,clear sky,17.0151,54.0924,"HAMDAN PLAZA HOTEL SALALAH, an HTG Hotel"
87,Tuatapere,NZ,58.82,broken clouds,-46.1333,167.6833,Ron and Tony's Bed & Breakfast
89,Nanortalik,GL,24.76,few clouds,60.1432,-45.2371,Hotel Kap Farvel
90,Port Hedland,AU,86.05,clear sky,-20.3167,118.5667,The Esplanade Hotel
94,Hobyo,SO,80.01,clear sky,5.3505,48.5268,Halane Hotel and Restaurent
95,Shadegan,IR,64.35,scattered clouds,30.6497,48.6647,ŸÖÿ≥ÿßŸÅÿ± ÿÆÿßŸÜŸá ÿßÿ®Ÿà ŸàŸÑ€åÿØ
96,Acapulco,MX,82.18,broken clouds,16.8634,-99.8901,HS Hotsson Smart Acapulco
98,Vaini,TO,73.56,light intensity drizzle,-21.2,-175.2,Keleti Beach Resort
100,Jaumave,MX,66.96,scattered clouds,23.4167,-99.3833,HOTEL CIENEGA
102,Cidreira,BR,70.97,broken clouds,-30.1811,-50.2056,Hotel Castelo
103,Karasuk,RU,21.18,clear sky,53.7377,78.0403,London Siti Otel'
104,Fare,PF,80.92,scattered clouds,-16.7,-151.0167,Maitai Lapita Village Huahine
105,Chuy,UY,69.31,overcast clouds,-33.6971,-53.4616,Nuevo Hotel Plaza
106,El Tigre,VE,86.85,overcast clouds,8.8875,-64.2454,Hotel Santa Cruz
108,Union,US,48.29,clear sky,40.6334,-74.2663,Homewood Suites by Hilton Newark-Cranford
110,Cape Town,ZA,68.09,clear sky,-33.9258,18.4232,Southern Sun Waterfront Cape Town
112,Bage,BR,76.78,broken clouds,-31.3314,-54.1069,Hotel Obino - Bag√©
113,Porto Belo,BR,76.15,overcast clouds,-27.1578,-48.5531,Costa Verde Beach Hotel
114,Voh,NC,75.78,overcast clouds,-20.9667,164.7,Le g√Æte du Koniambo
115,Lorengau,PG,81.75,few clouds,-2.0226,147.2712,Lorengau Harbourside Hotel
116,Constitucion,CL,63.59,clear sky,-35.3333,-72.4167,Hotel Boutique Las Azucenas
117,Carinhanha,BR,87.46,overcast clouds,-14.3047,-43.765,Hotel Uni√£o
118,Denpasar,ID,82.06,scattered clouds,-8.65,115.2167,ASTON Denpasar Hotel & Convention Center
119,Shingu,JP,45.97,few clouds,33.7333,135.9833,Shingu UI Hotel
120,Dafeng,CN,58.32,broken clouds,23.4517,108.5881,Shenglong Hotel
122,Souillac,MU,79.18,scattered clouds,-20.5167,57.5167,Shanti Maurice Resort & Spa
123,Ewo,CG,81.7,light rain,-0.8725,14.8206,Residence Elonda Ewo
124,Padang,ID,78.85,light rain,-0.9492,100.3543,Mercure Padang
128,Husavik,IS,21.11,overcast clouds,66.0449,-17.3389,Bjarnab√∫√∞
129,Mahebourg,MU,79.09,light rain,-20.4081,57.7,Shandrani Beachcomber Resort & Spa
132,Quatre Cocos,MU,78.91,light rain,-20.2078,57.7625,Sunrise Attitude Hotel
134,Waipawa,NZ,60.46,light rain,-41.4122,175.5153,Tora Coastal Walk
136,Ankara,TR,43.72,clear sky,39.9199,32.8543,Ramada by Wyndham Ankara
138,Inhambane,MZ,84.18,few clouds,-23.865,35.3833,Oceano
139,Bambous Virieux,MU,79.05,light rain,-20.3428,57.7575,Casa Tia Villa
141,Panyutyne,UA,48.74,broken clouds,48.9333,36.2833,TIR —Å—Ç–æ—è–Ω–∫–∞
142,Susangerd,IR,64.42,overcast clouds,31.5608,48.1831,ÿØŸÅÿ™ÿ± ÿÆÿØŸÖÿßÿ™ ŸáŸàÿß€å€å Ÿàÿ¨ŸáÿßŸÜ⁄Øÿ±ÿØ€å ŸÜÿ≥€åŸÖ ⁄Øÿ≥ÿ™ÿ± ÿØÿ¥ÿ™ ÿ¢ÿ≤ÿßÿØ⁄ØÿßŸÜ
143,South Lake Tahoe,US,43.84,broken clouds,38.9332,-119.9844,Tahoe Lakeshore Lodge & Spa
144,Katsuura,JP,48.31,clear sky,35.1333,140.3,Katsuura Hotel Mikazuki
147,Caravelas,BR,81.03,moderate rain,-17.7125,-39.2481,Pousada dos Navegantes
148,Butaritari,KI,82.15,broken clouds,3.0707,172.7902,Isles Sunset Lodge
149,Siocon,PH,77.59,overcast clouds,7.7061,122.1353,ABS Hotel
150,Viedma,AR,67.87,few clouds,-40.8135,-62.9967,Hotel Cristal
151,San Nicolas,PH,73.31,broken clouds,18.1725,120.5953,NORTHVIEW Hotel
152,Lagoa,PT,63.61,clear sky,39.05,-27.9833,Casa Das Faias
153,Simao,CN,50.77,scattered clouds,22.7886,100.9748,Changyu Hotel
155,Mount Isa,AU,87.57,light rain,-20.7333,139.5,ibis Styles Mt Isa Verona
156,Torbay,CA,49.15,moderate rain,47.6666,-52.7314,Gallows Cove
158,Airai,TL,62.71,overcast clouds,-8.9266,125.4092,Juvinal Martin
159,La Rioja,ES,45.05,broken clouds,42.25,-2.5,Casa Concejos
160,Eureka,US,43.99,broken clouds,40.8021,-124.1637,Eureka Inn Trademark By Wyndham
162,Fortuna,US,43.72,overcast clouds,40.5982,-124.1573,Super 8 by Wyndham Fortuna
163,Kavaratti,IN,82.15,scattered clouds,10.5669,72.642,Hotels in Lakshadweep Islands
164,Roebourne,AU,87.44,clear sky,-20.7833,117.1333,Latitude20 Roebourne Village
165,La Ferte-Bernard,FR,49.51,overcast clouds,48.1863,0.6536,Brit Hotel La Fert√©-Bernard
166,Cascais,PT,62.46,clear sky,38.6979,-9.4215,Hotel Vila Gal√© Cascais
167,Sitka,US,30.09,light snow,57.0531,-135.33,Westmark Sitka
168,Grand Forks,US,29.59,broken clouds,47.9417,-97.4337,Warrior Inn
169,Ponta Delgada,PT,67.5,broken clouds,37.7333,-25.6667,Vila Nova Hotel
170,Buala,SB,79.2,light rain,-8.145,159.5921,Maringe Lagoon Lodge
172,Tigil,RU,22.57,broken clouds,57.8,158.6667,Tigil'
174,Changping,CN,37.04,clear sky,40.2186,116.2197,Huachang Hotel
175,Fiumicino,IT,55.98,few clouds,41.7675,12.2291,Al Porticciolo Hotel
177,Dingle,PH,73.89,overcast clouds,10.9995,122.6711,SEGAYA PROPERTY
178,Puerto Escondido,MX,84.7,clear sky,15.85,-97.0667,Aldea del Bazar Hotel and Spa
180,Kondinskoye,RU,22.1,overcast clouds,59.6481,67.41,Gostinitsa
181,Antofagasta,CL,70.21,clear sky,-23.65,-70.4,"Holiday Inn Express Antofagasta, an IHG Hotel"
182,Marsabit,KE,72.79,broken clouds,2.3284,37.9899,Chicho Hotel
183,Lompoc,US,54.25,mist,34.6391,-120.4579,"Holiday Inn Express Lompoc, an IHG Hotel"
185,Tual,ID,83.08,overcast clouds,-5.6667,132.75,Grand Vilia Hotel
187,Coffs Harbour,AU,68.13,clear sky,-30.3,153.1333,Aquajet Motel
189,Tautira,PF,75.22,broken clouds,-17.7333,-149.15,Pension Oaoa
190,Coquimbo,CL,64.49,clear sky,-29.9533,-71.3436,Punto de encuentro
191,Tonantins,BR,81.75,overcast clouds,-2.8731,-67.8022,Hotel Rei Davi
192,Aksay,RU,48.42,broken clouds,47.26,39.87,Chernaya Zhemchuzhina
193,Sur,OM,74.5,clear sky,22.5667,59.5289,Sur Plaza Hotel
195,Karratha,AU,85.42,clear sky,-20.7377,116.8463,ibis Styles Karratha
196,Halifax,CA,45.34,broken clouds,44.6453,-63.5724,Hotel Halifax
199,Sharjah,AE,80.58,clear sky,25.3573,55.4033,Swiss Belhotel Sharjah
200,Lewisporte,CA,54.14,overcast clouds,49.2499,-55.0482,Ocean View Bed & Breakfast
201,Biak,ID,76.75,moderate rain,-0.9131,122.8766,Penginapan Kim
203,Bengkulu,ID,78.49,moderate rain,-3.8004,102.2655,Grage Hotel Bengkulu
204,Necochea,AR,59.04,light rain,-38.5473,-58.7368,dyd -mar Hotel
205,Ugoofaaru,MV,83.03,clear sky,5.6667,73.0,Ungoofaaru Inn
207,Kieta,PG,78.67,broken clouds,-6.2167,155.6333,Uruna Bay Retreat
208,Ojinaga,MX,67.57,clear sky,29.5667,-104.4167,Suites Las Palmas
209,Hervey Bay,AU,73.04,clear sky,-25.2986,152.8535,Shelly Bay Resort
210,Saly,HU,35.19,broken clouds,47.95,20.6667,Iecs√≥ Vend√©gh√°z
211,Broome,US,37.71,overcast clouds,42.2506,-75.833,Chenango Valley State Park
212,Totoro,CO,62.44,overcast clouds,2.512,-76.4012,Mi posada Totoro
213,Cairns,AU,78.75,overcast clouds,-16.9167,145.7667,Mantra Trilogy Cairns
214,Naze,JP,58.89,overcast clouds,28.3667,129.4833,Shishime Hotel
215,Tacuarembo,UY,81.39,clear sky,-31.7333,-55.9833,Complejo San Fructuoso
216,San Patricio,US,74.84,overcast clouds,28.017,-97.5169,"Motel 6 Sinton, TX"
218,Kendari,ID,76.26,overcast clouds,-3.945,122.4989,Hotel Wixel
219,Klaksvik,FO,36.52,broken clouds,62.2266,-6.589,Airbnb rooms
220,Pandrup,DK,33.89,light snow,57.2215,9.6757,Eva Mose Design
222,Antalaha,MG,77.68,light rain,-14.9003,50.2788,Hotel Vitasoa
223,Comodoro Rivadavia,AR,65.25,clear sky,-45.8667,-67.5,Austral Hotel
224,Itoman,JP,64.42,scattered clouds,26.1247,127.6694,Southern Beach Hotel & Resort Okinawa
227,Touros,BR,86.58,overcast clouds,-5.1989,-35.4608,INN NEW HORIZON
228,Rawson,AR,67.06,clear sky,-43.3002,-65.1023,Hosteria Sampedro
229,Islamkot,PK,72.43,clear sky,24.6997,70.177,Haji Hotel
230,Port Moresby,PG,77.49,overcast clouds,-9.4431,147.1797,Lamana Hotel (Port Moresby)
232,Diego De Almagro,CL,80.29,broken clouds,-26.3667,-70.05,hotel luna del desierto
233,New Cumnock,GB,44.42,broken clouds,55.3956,-4.1846,"Lochside House Hotel, Lodges and Spa"
235,Russell,US,67.98,broken clouds,32.3502,-85.1999,Macs
236,Namibe,AO,75.72,clear sky,-15.1961,12.1522,Hotel Chik Chik Namibe
237,Miri,MY,77.38,light rain,4.4148,114.0089,"Mega Hotel, Miri"
238,Jumla,NP,43.81,broken clouds,29.2747,82.1838,Royal Garden Hotel
241,Dunedin,NZ,57.7,broken clouds,-45.8742,170.5036,Scenic Hotel Southern Cross
242,Chifeng,CN,28.54,clear sky,42.2683,118.9636,Junyu Tiancheng Hotel
243,Hamilton,US,53.74,clear sky,39.1834,-84.5333,Six Acres Bed & Breakfast
244,Radhanpur,IN,72.16,clear sky,23.8333,71.6,"HONEST - HOTEL (VIRAT HOTEL AND GUEST HOUSE, RADHANPUR))"
246,Manica,FR,47.61,light rain,49.0,-1.1667,Gite Lily
247,Mizdah,LY,55.36,overcast clouds,31.4451,12.9801,ŸÖÿ≠ŸÖÿØÿßŸÑŸÖÿ®ÿ±ŸàŸÉ ÿßŸÑÿßÿ±ŸäŸÇÿ∑
248,Pisco,PE,70.02,broken clouds,-13.7,-76.2167,Hotel San Isidro Oficial
249,Dalbandin,PK,64.92,clear sky,28.8947,64.4101,Gidaan Guest House
250,Jalu,LY,67.05,overcast clouds,29.0331,21.5482,ÿµÿßÿ≠ÿ®ÿ© ÿßŸÑŸÅÿÆÿßŸÖÿ©
251,Port Lincoln,AU,55.11,scattered clouds,-34.7333,135.8667,Port Lincoln Hotel
252,Sibolga,ID,77.11,overcast clouds,1.7427,98.7792,Hotel Syariah CN Darussalam
253,Nikolskoye,RU,23.02,light snow,59.7035,30.7861,Tourist House - Sablino
254,Kruisfontein,ZA,64.89,broken clouds,-34.0033,24.7314,Oyster Bay House Rental
255,Rock Springs,US,38.64,clear sky,41.5875,-109.2029,Homewood Suites by Hilton Rock Springs
256,Sheridan,US,46.65,clear sky,44.8333,-106.9173,Comfort Inn & Suites
258,Tukrah,LY,65.03,overcast clouds,32.5341,20.5791,Lagrota restaurant
259,Cabo San Lucas,MX,82.15,overcast clouds,22.8909,-109.9124,Hotel Tesoro Los Cabos
260,Saint-Philippe,RE,78.39,scattered clouds,-21.3585,55.7679,"Chambres d'h√¥te ""La Trinit√©"""
261,Ponta Do Sol,PT,70.12,broken clouds,32.6667,-17.1,Hotel do Campo
262,Gizo,SB,82.08,overcast clouds,-8.103,156.8419,Imagination Island
263,Kismayo,SO,81.43,overcast clouds,-0.3582,42.5454,Agan-Hotel
264,Ishigaki,JP,66.63,few clouds,24.3448,124.1572,Hotel Peace Land Ishigakijima
265,Banda Aceh,ID,77.56,moderate rain,5.5577,95.3222,Sulthan Hotel International
266,Nalgonda,IN,72.54,overcast clouds,17.05,79.2667,Sai Krishna Residency
267,Rossland,CA,23.72,overcast clouds,49.0831,-117.8022,Prestige Mountain Resort Rossland
268,Pontes E Lacerda,BR,89.76,broken clouds,-15.2261,-59.3353,Hotel Bressan
269,Jacareacanga,BR,87.21,overcast clouds,-6.2222,-57.7528,Casa do Ianüòé
270,Bowral,AU,57.13,overcast clouds,-34.4667,150.4167,Peppers Craigieburn Bowral
272,Ghanzi,BW,88.79,broken clouds,-21.5667,21.7833,Ghanzi Farmhouse
273,Charters Towers,AU,77.2,scattered clouds,-20.1,146.2667,Cattleman's Rest Motor Inn
274,Catuday,PH,76.95,broken clouds,16.2923,119.8062,Benjie's Kubo & Cottages
275,Hami,CN,25.45,clear sky,42.8,93.45,Laoyutang Resort
277,Pokhara,NP,61.66,broken clouds,28.2333,83.9833,Butterfly Lodge
278,Linxia,CN,28.18,clear sky,35.6003,103.2064,GreenTree Inn Linxia Autonomous Prefecture Linxia Oxford River Avenue Express Hotel
279,Ambilobe,MG,81.81,scattered clouds,-13.2,49.05,H√¥tel & Restaurant DIANA Ambilobe
280,Punta Alta,AR,62.51,overcast clouds,-38.8759,-62.0736,Center Hotel Punta Alta
281,Manokwari,ID,79.02,overcast clouds,-0.8667,134.0833,Swiss Belhotel Manokwari
282,Lata,PT,56.91,clear sky,40.1629,-8.3327,Casa Maquia
283,San Carlos De Bariloche,AR,58.75,broken clouds,-41.1456,-71.3082,Hotel Patagonia
289,Marawi,PH,64.65,overcast clouds,7.9986,124.2928,Derogongan Residence
290,Vao,NC,76.12,overcast clouds,-22.6667,167.4833,Hotel Kou-Bugny
291,Durazno,UY,75.15,broken clouds,-33.4131,-56.5006,Hotel Santa Cristina
292,Zhuhai,CN,65.98,clear sky,22.2769,113.5678,Nanyang Seascape Hotel Zhuhai Hotel
293,Baruun-Urt,MN,23.07,clear sky,46.6806,113.2792,–ê—Ö–º–∞–¥—ã–Ω –∞–º—Ä–∞–ª—Ç —Å—É–≤–∏–ª–∞–ª
295,Xinyang,CN,47.57,overcast clouds,32.1228,114.0656,Jinjiang Inn Style Xinyang Dongfanghong Avenue Culture Center
296,Owando,CG,79.38,light rain,-0.4819,15.8999,Exaunel Hotel Owando
297,Scottsbluff,US,42.3,clear sky,41.8666,-103.6672,Hampton Inn & Suites Scottsbluff-Conference Center
298,Fond Du Lac,US,36.75,overcast clouds,43.775,-88.4388,Radisson Hotel and Conference Center Fond du Lac
299,San Jose,US,53.92,mist,37.3394,-121.895,The Westin San Jose
300,Anadyr,RU,20.07,overcast clouds,64.75,177.4833,–û—Ç–∫–µ17 ‚Äî –ø–æ—Å—É—Ç–æ—á–Ω–∞—è –∞—Ä–µ–Ω–¥–∞ –∂–∏–ª—å—è –¥–ª—è –∫–æ–º–∞–Ω–¥–∏—Ä–æ–≤–∞–Ω–Ω—ã—Ö
303,Pimentel,PE,75.49,clear sky,-6.8367,-79.9342,Casona Del Muelle
304,Iralaya,HN,81.07,broken clouds,15.0,-83.2333,Iglesia morava renovada
305,Tromso,NO,20.37,clear sky,69.6496,18.957,"Radisson Blu Hotel, Troms√∏"
306,Diu,IN,73.2,clear sky,20.7141,70.9822,Hotel Relax Inn
307,Meadville,US,38.77,overcast clouds,41.6414,-80.1515,"Holiday Inn Express Meadville (I-79 Exit 147A), an IHG Hotel"
308,Eydhafushi,MV,82.53,clear sky,5.1033,73.0708,Soneva Fushi
309,Berlevag,NO,22.95,broken clouds,70.8578,29.0864,Kvitbrakka
310,Jayuya,PR,83.12,scattered clouds,18.2186,-66.5916,Hacienda Gripinas
311,Rawlins,US,50.22,clear sky,41.7911,-107.2387,"Holiday Inn Express Rawlins, an IHG Hotel"
312,Makakilo City,US,71.92,moderate rain,21.3469,-158.0858,Marriott's Ko Olina Beach Club
313,Nhulunbuy,AU,81.21,broken clouds,-12.2333,136.7667,East Arnhem Real Estate
315,Zhanaozen,KZ,39.47,clear sky,43.3,52.8,K.korabay 28A
316,Saldanha,ZA,64.18,few clouds,-33.0117,17.9442,Blue Bay Lodge
317,Machala,EC,82.35,few clouds,-3.2667,-79.9667,"Hotel ""Bolivar Internacional"""
318,Camargo,MX,65.52,clear sky,27.6667,-105.1667,Hotel Santa Fe
319,Sattahip,TH,80.91,few clouds,12.6664,100.9007,Pob Choke Residences ( ‡∏û‡∏ö‡πÇ‡∏ä‡∏Ñ‡πÄ‡∏£‡∏î‡∏ã‡∏¥‡πÄ‡∏î‡πâ‡∏ô‡∏ó‡πå )
320,Lamu,KE,82.62,overcast clouds,-2.2717,40.902,Lamu House
321,Tsiroanomandidy,MG,81.19,few clouds,-18.7667,46.0333,Hotel du Bongolave
322,Magadi,IN,73.56,overcast clouds,12.9667,77.2333,Gowdru Military Hotel Magadi
323,Marovoay,MG,84.81,broken clouds,-16.1,46.6333,H√¥tel les Oliviers Marovoay
324,Korostyshiv,UA,32.97,overcast clouds,50.3172,29.0563,–≠–¥–µ–º
325,General Roca,AR,67.62,overcast clouds,-39.0333,-67.5833,Hotel y Casino del R√≠o General Roca
326,Inongo,CD,76.23,light rain,-1.95,18.2667,Hotel Du Lac
327,Camacha,PT,63.54,broken clouds,33.0833,-16.3333,Hotel Porto Santo & Spa
328,Bathsheba,BB,86.61,scattered clouds,13.2167,-59.5167,Atlantis Hotel
329,Kinsale,IE,47.23,light rain,51.7075,-8.5306,Actons Hotel Kinsale
330,Victoria,HK,66.25,few clouds,22.2855,114.1577,Mini Hotel Central
331,Matara,LK,78.6,broken clouds,5.9485,80.5353,Amaloh Boutique Resort
333,Saint George,US,58.35,clear sky,37.1041,-113.5841,Best Western Plus Abbey Inn
337,Sena Madureira,BR,86.54,overcast clouds,-9.0656,-68.6569,Hotel Central
338,Calella,ES,57.22,scattered clouds,41.618,2.6678,Hotel htop Calella Palace Family & SPA
339,Benito Juarez,MX,60.39,scattered clouds,19.385,-99.165,Hotel Novit
341,Ruteng,ID,63.77,overcast clouds,-8.6136,120.4721,Hotel FX 72
342,Kaitangata,NZ,55.94,scattered clouds,-46.2817,169.8464,Kaitangata Motor Camp
343,Portland,US,40.46,overcast clouds,45.5234,-122.6762,Embassy Suites by Hilton Portland Downtown
344,Paranga,RU,32.85,overcast clouds,56.7039,49.4047,"Chulpan, Gostinitsa, Mup Pkkh"
345,Khani,GE,38.77,clear sky,41.9563,42.9566,·Éô·É£·É†·Éù·É†·É¢·Éò ·Éñ·Éî·Éô·Éê·É†·Éò/Resort Zekari
346,Lucapa,AO,80.4,scattered clouds,-8.4192,20.7447,Resid√™ncia Ulisses Dos Santos
349,Lumut,MY,78.08,overcast clouds,4.2323,100.6298,"Marina Island Pangkor Resort & Hotel (Suites, Function Rooms and Convention Hall)"
350,Manta,EC,80.38,scattered clouds,-0.95,-80.7333,Balandra Hotel
351,Kilindoni,TZ,81.59,few clouds,-7.9139,39.6668,Bustani B&B
352,Severobaykalsk,RU,21.22,overcast clouds,55.65,109.3167,Hostel03RUS
353,Asau,RO,35.76,light rain,46.4333,26.4,Casa Mika Ciobanus
354,Port Macquarie,AU,64.36,few clouds,-31.4333,152.9167,Rydges Port Macquarie
355,Geraldton,AU,70.21,clear sky,-28.7667,114.6,Broadwater Mariner Resort
356,Saint-Georges,GD,80.96,overcast clouds,12.0564,-61.7485,Radisson Grenada Beach Resort
357,Wilmington,US,72.95,clear sky,34.2257,-77.9447,"Hotel Ballast Wilmington, Tapestry Collection by Hilton"
358,Kashmor,PK,70.18,clear sky,28.4333,69.5833,Shah Madina Hotel
359,Gat,IL,65.8,overcast clouds,31.61,34.7642,OlusHome
360,Changde,CN,53.71,overcast clouds,29.0464,111.6783,Kangshida Hotel
361,Namatanai,PG,80.46,overcast clouds,-3.6667,152.4333,Seagulls Inn Namatani
362,Kahului,US,74.46,light rain,20.8947,-156.47,Maui Seaside Hotel
363,Nemuro,JP,47.34,broken clouds,43.3236,145.575,Hotel Nemuro Kaiyoutei
364,Grindavik,IS,30.67,scattered clouds,63.8424,-22.4338,Northern Light Inn & Max's Restaurant
366,Palu,ID,77.95,overcast clouds,-0.8917,119.8707,Hotel Santika Palu
367,Otane,NZ,64.0,overcast clouds,-39.8833,176.6333,Ludlow Farmstay
368,Tamiahua,MX,77.31,few clouds,21.2667,-97.45,Mission Of The Sun Hotel
369,San Cristobal,VE,80.78,scattered clouds,7.7669,-72.225,Posada Villaven C.A.
370,Luena,AO,76.42,broken clouds,-11.7833,19.9167,Hotel Kandamba
371,Waingapu,ID,81.28,overcast clouds,-9.6567,120.2641,Pondok Wisata Elim
372,Ahipara,NZ,63.82,overcast clouds,-35.1667,173.1667,Ahipara Holiday Park
373,Ganzhou,CN,50.86,overcast clouds,28.8184,115.4327,Laotou Farm Restaurant Hostel
374,Chiang Rai,TH,60.13,scattered clouds,19.9167,99.9167,Bansaeo Garden and Resort
375,Carutapera,BR,83.71,broken clouds,-1.195,-46.02,Lidera
376,Muroto,JP,54.09,clear sky,33.2833,134.15,Oota Ryokan
377,Gurh,IN,64.54,overcast clouds,24.5167,81.5167,SATISH PATEL
379,Santa Cruz,BO,87.26,scattered clouds,-17.8,-63.1667,Aviador Hotel Boutique
380,Goderich,CA,36.91,overcast clouds,43.7501,-81.7165,Harmony Inn
382,Barcelos,PT,53.85,broken clouds,41.5388,-8.6151,Hotel Do Ter√ßo
383,Youghal,IE,47.08,moderate rain,51.95,-7.8506,Quality Hotel and Leisure Centre Youghal
386,Altay,CN,24.08,broken clouds,47.8667,88.1167,Jinqiao Hotel
387,Willmar,US,38.89,mist,45.1219,-95.0433,Lakeview Inn
388,Tomatlan,MX,81.97,overcast clouds,19.9333,-105.25,El Salvial
389,Kommunar,RU,22.66,light snow,59.6206,30.39,Guest House Izhora
391,Poum,NC,79.05,overcast clouds,-20.2333,164.0167,G√Æte kajeon
392,Brokopondo,SR,82.22,overcast clouds,4.75,-55.1667,Matu Island
393,Bati,ET,65.84,clear sky,11.1833,40.0167,Adi 01 Kebele
394,Cayenne,GF,78.1,overcast clouds,4.9333,-52.3333,H√¥tel Le Dronmi
395,Mombetsu,JP,35.8,broken clouds,44.3525,143.3525,Okhotsk Palace Hotel
396,Taltal,CL,67.3,few clouds,-25.4,-70.4833,Residencial Karime
397,Port-Cartier,CA,29.75,overcast clouds,50.0334,-66.8654,Le Q'Artier
398,Nelson Bay,AU,68.76,broken clouds,-32.7167,152.15,Mantra Nelson Bay
399,Caen,FR,48.42,light rain,49.0833,-0.4167,Chambre studio
400,Hofn,IS,32.32,broken clouds,64.2539,-15.2082,H√≥tel H√∂fn
401,Hecun,CN,43.23,clear sky,36.5333,114.1111,Yijia Hotel
403,Camopi,GF,83.21,overcast clouds,3.1655,-52.3158,La pousada
404,Xuddur,SO,82.69,clear sky,4.1213,43.8894,Banjanay Hotel
406,Mabaruma,GY,85.21,broken clouds,8.2,-59.7833,Monty Brooms Guest House
407,Yatou,CN,37.8,clear sky,37.15,122.3833,GreenTree Hotel Rongcheng Bus Station
410,Tianpeng,CN,50.36,broken clouds,30.9866,103.9393,Shuangliu Love Home Business Hotel
411,Bloemhof,ZA,76.87,overcast clouds,-27.6469,25.607,Victory Towers
412,Plouzane,FR,55.58,mist,48.3833,-4.6167,Lymina
413,Campbell River,CA,33.46,overcast clouds,50.0163,-125.2446,Ramada by Wyndham Campbell River
414,Zhezkazgan,KZ,25.3,clear sky,47.8043,67.7144,Hotel Zumrat
415,Mataram,ID,79.61,overcast clouds,-8.5833,116.1167,Hotel Santika Mataram
416,Felipe Carrillo Puerto,MX,82.33,clear sky,19.5833,-88.05,Hotel La Ceiba
417,Sudak,UA,52.36,scattered clouds,44.85,34.9667,Solari Beach
418,Hinesville,US,69.76,clear sky,31.8469,-81.5959,"Holiday Inn Express & Suites Hinesville East - Fort Stewart, an IHG Hotel"
419,Faanui,PF,81.18,overcast clouds,-16.4833,-151.75,Bora-Bora Pearl Beach Resort & Spa
420,Casas Grandes,MX,54.45,scattered clouds,30.3667,-107.95,Pueblo del Soul B&B
422,West Memphis,US,70.11,clear sky,35.1465,-90.1845,Ramada by Wyndham West Memphis
423,Mavelikara,IN,77.07,light rain,9.2667,76.55,Hotel Indraprastha
426,Port Hardy,CA,37.76,overcast clouds,50.6996,-127.4199,Airport Inn
428,Yulara,AU,82.24,clear sky,-25.2406,130.9889,Desert Gardens Hotel - Ayers Rock Resort
429,Saint-Pierre,RE,78.48,light rain,-21.3393,55.4781,Lindsey H√¥tel
430,Belmonte,BR,79.3,overcast clouds,-15.8631,-38.8828,Pousada Monte Carmelo O P√£o
431,Nilanga,IN,72.97,overcast clouds,18.1,76.7667,Shruti nilanga rice and vada pav and tea centre
432,Mitsamiouli,KM,81.63,clear sky,-11.3847,43.2844,Foyer ADM
433,Del Rio,US,73.24,clear sky,29.3627,-100.8968,"Holiday Inn Express & Suites del Rio, an IHG Hotel"
434,Saint-Leu,RE,77.86,light rain,-21.15,55.2833,La Caz Oceane
435,Imbituba,BR,73.29,overcast clouds,-28.24,-48.6703,Praia Hotel Imbituba
436,Nueva Helvecia,UY,75.6,few clouds,-34.3,-57.2333,La Posada de Ofelia
437,Aksu,CN,28.47,scattered clouds,41.1231,80.2644,Pudong Holiday Hotel
438,Havoysund,NO,25.03,scattered clouds,70.9963,24.6622,Arctic View Glamping & Restaurant
439,Killybegs,IE,47.91,overcast clouds,54.6333,-8.45,Tara Hotel
440,Ixtapa,MX,79.23,clear sky,20.7,-105.2,Hotel Plaza Providencia
441,Te Anau,NZ,56.39,overcast clouds,-45.4167,167.7167,Kingsgate Hotel Te Anau
442,Rancho Palos Verdes,US,56.43,mist,33.7445,-118.387,Terranea Resort
443,Pokrovsk,UA,48.02,broken clouds,48.282,37.1758,Druzhba
444,Sao Miguel Do Araguaia,BR,83.61,light rain,-13.275,-50.1628,Hotel Executivo Palace
445,Cambridge,CA,35.37,overcast clouds,43.3601,-80.3127,Cambridge Gateway Suites
446,Shenjiamen,CN,52.63,clear sky,29.9576,122.298,Jinjiang Inn Zhoushan Putuo Shenjiamen
447,Thunder Bay,CA,22.55,overcast clouds,48.4001,-89.3168,Victoria Inn Hotel and Convention Centre
448,Katherine,AU,88.12,overcast clouds,-14.4667,132.2667,Pine Tree Motel
449,Valle De Allende,MX,63.19,broken clouds,26.9333,-105.4,Hotel Meson de San Bartolome
450,Todos Santos,MX,81.66,overcast clouds,23.45,-110.2167,Hotel California Todos Santos
451,Ardesen,TR,51.76,clear sky,41.1911,40.9875,Green Suada Hotel
452,Sandnessjoen,NO,28.38,few clouds,66.0217,12.6316,Syv S√∏stre Apartments
453,Trofors,NO,27.75,broken clouds,65.5333,13.4063,Hause for Marcus and Martinus
455,Bubaque,GW,82.65,broken clouds,11.2833,-15.8333,"Casa Dora, Bubaque"
457,Kamina,CD,69.15,light rain,-8.7386,24.9906,Guest House Florvia
458,Brazzaville,CG,82.42,moderate rain,-4.2658,15.2832,Hotel Muesse
459,Mahibadhoo,MV,82.69,clear sky,3.7833,72.9667,Omadhoo Inn
460,Mashhad,IR,41.14,light intensity drizzle,36.297,59.6062,Khanye Sabz Hotel
461,Emerald,AU,74.98,clear sky,-23.5333,148.1667,The Irish Village
463,Rio Gallegos,AR,66.25,clear sky,-51.6226,-69.2181,Hotel Santa Cruz
465,Jaca,ES,46.6,overcast clouds,42.569,-0.5499,Hotel Real Jaca & Spa
466,Garissa,KE,85.51,overcast clouds,-0.4536,39.6401,Sharif Plaza Hotel
468,Teguise,ES,62.82,broken clouds,29.0605,-13.564,B&B La Casona de Nazaret
469,Bloomfield,US,48.04,overcast clouds,40.8068,-74.1854,La Quinta Inn & Suites by Wyndham Clifton/Rutherford
470,Beringovskiy,RU,30.58,overcast clouds,63.05,179.3167,Beringgorski
471,Tecuci,RO,40.71,overcast clouds,45.8497,27.4344,Pensiunea Romeo Tecuci
472,Kargasok,RU,22.73,overcast clouds,59.0556,80.8572,Hotel Kargasok
473,Kyshtovka,RU,21.11,overcast clouds,56.555,76.6271,Uyutnaya Mini-Hotel
474,Culebra,PR,86.04,broken clouds,18.303,-65.301,Palmetto Guesthouse
475,Huarmey,PE,72.01,broken clouds,-10.0681,-78.1522,Hotel Miramar
476,Vieksniai,LT,29.17,broken clouds,56.2333,22.5167,Juodeiki≈≥ poilsiavietƒó
477,Cairo,EG,68.76,broken clouds,30.0626,31.2497,Grand Hotel
479,Valparaiso,CL,68.23,clear sky,-33.0393,-71.6273,Hotel Ultramar
480,Lima,PE,69.13,broken clouds,-12.0432,-77.0282,Gran Hotel Bolivar Lima
481,Christchurch,NZ,68.02,light rain,-43.5333,172.6333,The George
483,Bambanglipuro,ID,79.56,overcast clouds,-7.95,110.2833,Puri Brata
484,Havre-Saint-Pierre,CA,37.53,overcast clouds,50.2334,-63.5986,Auberge Niapiskau
485,Yeppoon,AU,76.78,clear sky,-23.1333,150.7333,Villa Mar Colina
486,Insar,RU,36.82,overcast clouds,53.8653,44.3738,"Dom Otdykha ""Vasyuk"""
487,Xining,CN,28.51,clear sky,36.6167,101.7667,Super Leisure Hotel
488,Chicama,PE,64.94,overcast clouds,-7.8447,-79.1469,Balihai Bungalows
490,Sechura,PE,77.0,overcast clouds,-5.5569,-80.8222,Hospedaje Costa Bella
491,Ingham,US,34.56,light snow,42.6,-84.3833,Sunset Mobile Home Park
493,Formosa,AR,89.58,clear sky,-26.1775,-58.1781,Hotel Portal del Sol
494,Chabahar,IR,76.1,clear sky,25.2919,60.643,Ÿáÿ™ŸÑ ⁄ØÿØÿ±Ÿàÿ¥€åÿß
495,Naftalan,AZ,38.62,broken clouds,40.5067,46.825,Gashalti Health Hotel - Naftalan
496,Millau,FR,41.4,overcast clouds,44.0833,2.9167,La Villa Des Raspes
497,Gorontalo,ID,76.66,overcast clouds,0.5412,123.0595,Maqna Hotel by Prasanthi
500,Kalach-Na-Donu,RU,42.12,overcast clouds,48.691,43.5264,Hotel Laguna
501,Port Blair,IN,79.93,few clouds,11.6667,92.75,"Welcomhotel By ITC Hotels, Bay Island, Port Blair"
502,Yarada,IN,69.78,moderate rain,17.65,83.2667,Vishranti
503,Palmer,US,40.73,broken clouds,42.1584,-72.3287,Wedgewood Motel
504,Salinopolis,BR,82.27,broken clouds,-0.6136,-47.3561,Salinas Park Resort Ma√ßarico AP101
505,Muros,ES,56.98,overcast clouds,42.7762,-9.0603,Apartment Av. Castelao
507,Sao Lourenco Do Oeste,BR,82.71,clear sky,-26.3592,-52.8511,Poente Hotel
508,Curup,ID,69.17,moderate rain,-3.4667,102.5333,Ayi The Costel
509,Honningsvag,NO,24.55,few clouds,70.9821,25.9704,Nordkapp Vandrerhjem
510,Sakakah,SA,58.98,scattered clouds,29.9697,40.2064,Fakhamat Al Orjoana Apartment
511,Tevaitoa,PF,81.34,broken clouds,-16.7833,-151.5,H√¥tel Raiatea Lodge
512,Mbarara,UG,65.89,light rain,-0.608,30.65,Oxford Hotel
513,Silver City,US,57.31,broken clouds,32.7701,-108.2803,Copper Manor Motel
514,Villa Rica,US,68.77,few clouds,33.7321,-84.9191,Days Inn by Wyndham Villa Rica
516,Masvingo,ZW,88.88,scattered clouds,-20.0637,30.8277,River Side Lodge
518,Batemans Bay,AU,65.19,overcast clouds,-35.7167,150.1833,Batemans Bay Marina Resort
519,Lobito,AO,78.57,light rain,-12.3481,13.5456,Casa Rosa Hotel Residence
520,Corn Island,NI,80.56,overcast clouds,12.1694,-83.0418,Big Fish Guest House
523,Dubbo,AU,64.53,few clouds,-32.25,148.6167,Comfort Inn Blue Lagoon
525,Buta,CD,77.38,overcast clouds,2.7858,24.73,HOTEL BISO NA BISO
526,Luau,AO,66.16,light rain,-10.7073,22.2247,Casa- Bernardo C√¢ndido
527,Ginda,IN,47.23,clear sky,30.6945,78.4932,Bal uma sankar hotel and restaurant
528,Kudahuvadhoo,MV,82.76,clear sky,2.6708,72.8944,Niyama Private Islands Maldives
529,Ihosy,MG,76.55,clear sky,-22.4,46.1167,Hotely Sariaka
530,Glenwood Springs,US,49.23,clear sky,39.5505,-107.3248,Glenwood Springs Cedar Lodge
532,Cap-Aux-Meules,CA,46.45,broken clouds,47.3821,-61.8597,Auberge Madeli
533,Athabasca,CA,20.48,clear sky,54.7169,-113.2854,Athabasca Lodge Motel
534,Homberg,DE,34.61,broken clouds,51.0333,9.4,Hotel & Restaurant Stadt Cassel
535,Sao Filipe,CV,76.89,scattered clouds,14.8961,-24.4956,Hotel Xaguate
536,Keti Bandar,PK,75.58,clear sky,24.1447,67.4497,Haji laloo memon house
537,Ahuimanu,US,73.11,light rain,21.4447,-157.8378,Paradise Bay Resort
538,Roma,US,35.65,broken clouds,43.2128,-75.4557,Wingate By Wyndham Rome
540,Mudon,MM,72.86,broken clouds,16.2578,97.7164,Motel Mudon
543,Kampot,KH,80.65,broken clouds,10.6167,104.1833,Two Moons Hotel
544,Wenatchee,US,39.6,clear sky,47.4235,-120.3103,SpringHill Suites by Marriott Wenatchee
545,Rocha,UY,70.52,broken clouds,-34.4833,-54.3333,Hotel Arrarte
546,Koson,UZ,50.32,overcast clouds,39.0375,65.585,Jamshid Orziev ning uyi
547,Pajacuaran,MX,66.24,overcast clouds,20.1167,-102.5667,Hotel California
548,Ajdabiya,LY,67.87,overcast clouds,30.7554,20.2263,Almadina Hotel
549,Soyo,AO,81.5,broken clouds,-6.1349,12.3689,Hotel Mpampa
550,Goianapolis,BR,85.28,broken clouds,-16.5106,-49.0239,Hotel Tomat√£o
551,Hualmay,PE,71.82,broken clouds,-11.0964,-77.6139,Hotel Villa Kitzia Huacho
552,Kankakee,US,50.04,few clouds,41.15,-87.8667,Fairfield Inn by Marriott Kankakee Bourbonnais
553,Maputo,MZ,77.23,few clouds,-25.9653,32.5892,Pestana Rovuma
554,Rzhaksa,RU,40.28,overcast clouds,52.1338,42.0264,Gostinitsa Uyut
557,Great Yarmouth,GB,44.94,overcast clouds,52.6083,1.7305,Comfort Hotel Great Yarmouth
559,Los Alamos,US,52.05,clear sky,35.8881,-106.307,"Holiday Inn Express & Suites Los Alamos Entrada Park, an IHG Hotel"
560,Wajima,JP,44.87,overcast clouds,37.4,136.9,Wajiima Onsen Yashio
561,Mitchell,US,43.11,clear sky,43.7094,-98.0298,Kelly Inn & Suites
563,Kapchorwa,UG,67.42,overcast clouds,1.3965,34.4509,Amis Cheshari's Residence
565,Nederweert,NL,41.59,overcast clouds,51.2833,5.7333,Fletcher Hotel-Restaurant Weert
566,Bitam,GA,73.11,light rain,2.076,11.5007,B√©n√©dicta h√¥tel
568,Kolpashevo,RU,29.14,light snow,58.3131,82.9089,Gostinitsa Legenda
569,Baghdad,IQ,58.91,broken clouds,33.3406,44.4009,Baghdad Hotel
572,Ciudad Bolivar,VE,88.93,overcast clouds,8.1222,-63.5497,Hotel Edi
573,Maldonado,UY,72.79,few clouds,-34.6667,-54.9167,La Cimarrona
574,Los Llanos De Aridane,ES,65.12,broken clouds,28.6585,-17.9182,Valle Aridane
575,Noumea,NC,81.0,overcast clouds,-22.2763,166.4572,H√¥tel Le Lagon
576,Waqqas,JO,68.52,overcast clouds,32.5427,35.6053,Jordan EcoPark
578,San Juan,AR,72.3,overcast clouds,-31.5375,-68.5364,Hotel Provincial
580,Houma,US,69.01,broken clouds,29.5958,-90.7195,Courtyard by Marriott Houma
581,Abeche,TD,85.39,clear sky,13.8292,20.8324,Assaleh Hamdan Haroune
582,Morondava,MG,81.97,scattered clouds,-20.2833,44.2833,La Case Bambou
583,Garowe,SO,80.91,clear sky,8.4054,48.4845,Curubo Hotel
584,Pundaguitan,PH,78.26,heavy intensity rain,6.3711,126.1689,Leonardo Family Beach House 1
586,Guapo,BR,88.18,scattered clouds,-16.8306,-49.5319,Lar de idosos de Guap√≥
587,Greenwood,US,71.87,clear sky,34.1668,-82.1165,Quality Inn Greenwood Hwy 25
589,Bhinga,IN,68.45,clear sky,27.7167,81.9333,Kakardari office
590,Sayyan,YE,53.94,clear sky,15.1718,44.3244,ŸÖÿ™ŸÜÿ≤Ÿá Ÿà ÿ®ÿ≠Ÿäÿ±ÿ© ÿ≥ŸäÿßŸÜ
591,Korla,CN,27.27,clear sky,41.7597,86.1469,Gulisitan Hotel
592,Ardakan,IR,50.38,clear sky,32.31,54.0175,Ardakan Hotel
593,Oistins,BB,86.09,scattered clouds,13.0667,-59.5333,Butterfly Beach Hotel
594,Narragansett,US,43.83,clear sky,41.4501,-71.4495,Hampton Inn South Kingstown - Newport Area
595,Sri Aman,MY,74.17,overcast clouds,1.2376,111.4621,Seri Simanggang Hotel
597,Finnsnes,NO,20.34,scattered clouds,69.2296,17.9811,Finnsnes Hotel - A SNR Hotel
598,Mumford,GH,83.17,broken clouds,5.2618,-0.759,Spanish Villa
599,Lichuan,CN,40.5,overcast clouds,30.3,108.85,Yicheng Hotel
600,Vila,PT,42.69,overcast clouds,42.0304,-8.1588,Hotel Castrum Villae by Walk Hotels
601,Nerja,ES,65.95,clear sky,36.7585,-3.8873,Toboso apar-turis
602,Umm Lajj,SA,77.88,few clouds,25.0213,37.2685,Moon light Furnished Units
603,Marsh Harbour,BS,73.76,broken clouds,26.5412,-77.0636,Abaco Beach Resort
604,Makubetsu,JP,33.82,light rain,45.3714,141.8211,RED BARON Bike Station Wakkanai
605,Laurens,US,70.02,clear sky,32.4502,-82.9165,"Holiday Inn Express & Suites Dublin, an IHG Hotel"
608,Savannah Bight,HN,82.0,scattered clouds,16.45,-85.85,Villa on Dunbar Rock
609,Musoma,TZ,74.12,overcast clouds,-1.5,33.8,New Peninsula Hotel
611,Lithakia,GR,63.77,thunderstorm,37.7167,20.8333,Zante Plaza Hotel & Apartments
612,Lengshuijiang,CN,51.12,broken clouds,27.6881,111.4294,Sheraton
613,Sampit,ID,76.17,moderate rain,-2.5333,112.95,Aquarius Boutique Hotel Sampit
615,Richards Bay,ZA,71.19,overcast clouds,-28.783,32.0377,BON Hotel Waterfront Richards Bay
616,Mairi,BR,88.59,broken clouds,-11.7114,-40.1489,Pousada Solar do Monte
618,Ensenada,MX,62.87,clear sky,31.8667,-116.6167,Best Western El Cid
619,Melilla,ES,61.18,clear sky,35.2937,-2.9383,Hotel Nacional
620,Shihezi,CN,24.55,scattered clouds,44.3,86.0333,Home Inn Shihezi Dongwu Road Century Square
622,Shubarkuduk,KZ,31.86,broken clouds,49.1447,56.4872,Sirius
623,Suksun,RU,25.88,overcast clouds,57.1431,57.3949,Island Relax
624,Baracoa,CU,81.45,overcast clouds,20.3467,-74.4958,Hostal Rio Miel
625,Bonavista,CA,49.12,light rain,48.6499,-53.1147,Abbott's Bed & Breakfast
626,Jati,PK,74.43,clear sky,24.3539,68.2671,Cafe Lala Rehan Restaurant
627,Upata,VE,81.19,broken clouds,8.0086,-62.3989,Posada Villa Nela
628,Juegang,CN,43.92,clear sky,32.3174,121.1855,Rudong Y Hotel
629,Tianmen,CN,52.3,overcast clouds,30.6516,113.1603,Tianmen Luyu Hotel
632,Imola,IT,46.45,broken clouds,44.3523,11.7158,Hotel Olimpia
633,Talipparamba,IN,75.92,overcast clouds,12.05,75.35,RAMIS RESIDENCY
635,Nanyamba,TZ,79.39,scattered clouds,-10.6833,39.8333,Busati Lodge Nanyamba
636,Tlacotepec,MX,66.33,clear sky,20.0667,-97.8667,RANCHO LA ILUSION
637,Mzimba,MW,74.39,clear sky,-11.9,33.6,Zagegs Hotel
638,Bandarbeyla,SO,78.71,clear sky,9.4942,50.8122,JABIR HOTEL
639,Klyuchi,RU,27.66,broken clouds,52.2667,79.1667,Vesolaya Mayovka
640,Bahia Blanca,AR,63.46,overcast clouds,-38.7196,-62.2724,Hotel Argos
641,Cururupu,BR,82.13,overcast clouds,-1.8283,-44.8683,POUSADA TRAV√âS'CIA
645,Sohag,EG,67.89,few clouds,26.557,31.6948,Civil Registry - Sohag 1
646,Steubenville,US,42.8,overcast clouds,40.3698,-80.634,UNIversity hotel steubenzille
647,Arlit,NE,85.21,broken clouds,18.7369,7.3853,Case de Passage De la Prefecture
648,Samarai,PG,81.32,overcast clouds,-10.6167,150.6667,Nuli Sapi
649,Buritis,BR,89.06,overcast clouds,-15.6178,-46.4233,Hotel Rainha do Vale
650,San Policarpo,PH,78.67,moderate rain,12.1791,125.5072,Agapita M. Nicart
651,Taozhuang,CN,42.57,clear sky,34.85,117.3333,New Century Fengming Resort Zaozhuang
652,Nieuwkoop,NL,42.15,broken clouds,52.1508,4.7764,"Hotel Restaurant ""De Watergeus"""
653,Yabrud,SY,44.26,overcast clouds,33.9674,36.6574,ÿµÿßŸÑŸàŸÜ ŸÖŸáÿß ÿ≠ŸäÿØÿ± - Salon Maha
654,Xichang,CN,50.65,overcast clouds,27.8964,102.2634,Xichang ibis Hotel
656,Kloulklubed,PW,75.7,light rain,7.0419,134.2556,Storyboard Beach Resort
657,Daru,PG,80.92,overcast clouds,-9.0763,143.2092,Daru Lodge
658,Ucluelet,CA,32.95,overcast clouds,48.9329,-125.5528,Black Rock Oceanfront Resort
660,Sterling,US,54.34,broken clouds,39.0062,-77.4286,Hampton Inn & Suites Washington-Dulles International Airport
661,Haapiti,PF,74.93,few clouds,-17.5667,-149.8667,Linareva Moorea Beach Resort
662,Buturlino,RU,35.06,overcast clouds,55.5667,44.8974,Zolotaya Korona
663,Partenit,UA,54.21,broken clouds,44.578,34.3446,–ü—Ä–∏–≤–∞—Ç–æ—Ç–µ–ª—å
664,Marystown,CA,53.85,overcast clouds,47.1666,-55.1483,Marystown Hotel & Convention Centre
665,Mindelo,CV,76.55,few clouds,16.8901,-24.9804,Hotel Gaudi
666,Ha Tinh,VN,60.1,scattered clouds,18.3333,105.9,Ph√∫ Qu√Ω
667,Faya,SA,59.23,clear sky,18.3851,42.4509,ÿßŸÖŸÑÿßŸÉ ÿÆÿßŸÑÿØ ÿßŸÑÿ¥ÿπÿ¥Ÿàÿπ
668,Rizhao,CN,41.14,clear sky,35.4275,119.4553,Novotel Rizhao Suning
669,Auki,SB,77.16,overcast clouds,-8.7676,160.7034,Auki Motel
670,Naron,ES,57.04,overcast clouds,43.5167,-8.1528,Marcial
671,Itarema,BR,89.67,overcast clouds,-2.9248,-39.9167,"Sea Lounge! Bar, Club & Restaurant"
672,Riachao,BR,79.72,overcast clouds,-7.3619,-46.6172,Pousada Nordestina
674,Graaff-Reinet,ZA,86.36,broken clouds,-32.2522,24.5308,Rietjiesbos B&B
675,Ibra,OM,72.16,few clouds,22.6906,58.5334,ŸÖÿ≤ÿ±ÿπÿ© ÿ±ÿßÿ≠ÿ© ÿßŸÑŸÜŸÅŸàÿ≥ ÿßŸÑŸÖŸÜÿ≤ŸÅÿ©
676,Talara,PE,77.76,clear sky,-4.5772,-81.2719,Hostal Oro Negro
677,Seoul,KR,31.44,clear sky,37.5683,126.9778,Lotte Hotel Seoul
678,Bombay,IN,78.78,haze,19.0144,72.8479,Hotel Avon Ruby-Dadar
679,Superior,US,35.28,overcast clouds,46.7208,-92.1041,"Holiday Inn Express & Suites Superior - Duluth Area, an IHG Hotel"
680,Awbari,LY,77.47,overcast clouds,26.5921,12.7805,ŸÅŸÜÿØŸÇ ÿ£Ÿàÿ®ÿßÿ±Ÿä
681,Mehamn,NO,24.98,scattered clouds,71.0357,27.8492,Mehamn Arctic Hotel AS
683,Wajir,KE,87.53,overcast clouds,1.7471,40.0573,Al-bustan Hotel And Restaurant.
684,Inirida,CO,84.43,broken clouds,3.8653,-67.9239,Fuente del Guania Hotel de Lujo
685,Byron Bay,AU,70.88,scattered clouds,-28.65,153.6167,Backpackers Inn
686,Axim,GH,84.33,broken clouds,4.8699,-2.2405,Axim Beach Resort And Spa
688,Mollendo,PE,70.43,broken clouds,-17.0231,-72.0147,Hostal La Casa de Melgar
689,Sungaipenuh,ID,65.64,overcast clouds,-2.0833,101.3833,penginapan citra alam
690,Sistranda,NO,21.9,clear sky,63.7256,8.834,Hotell Fr√∏ya
691,Santa Helena De Goias,BR,86.52,scattered clouds,-17.8136,-50.5969,Hotel Cana Verde
692,Maragogi,BR,87.37,few clouds,-9.0122,-35.2225,Salinas do Maragogi All Inclusive Resort
693,Ritchie,ZA,79.81,overcast clouds,-29.038,24.6028,Riverside Country Club Modderrivier
696,Juneau,US,30.22,snow,58.3019,-134.4197,"Baranof Downtown, Bw Signature Collection"
697,Alta Floresta,BR,77.25,overcast clouds,-9.8756,-56.0861,Floresta Amazonica Hotel
