City_ID,City,Country,Lat,Lng,Max Temp,Humidity,Cloudiness,Wind Speed,Current Description
0,Qaanaaq,GL,77.484,-69.3632,13.26,94,100,3.69,light snow
1,Labuhan,ID,-6.8844,112.2051,80.04,83,88,5.5,overcast clouds
2,Punta Arenas,CL,-53.15,-70.9167,57.31,41,75,31.07,broken clouds
3,Najran,SA,17.4924,44.1277,70.45,20,3,6.89,clear sky
4,Georgetown,MY,5.4112,100.3354,80.89,82,40,5.99,scattered clouds
5,Rikitea,PF,-23.1203,-134.9692,75.99,75,6,15.19,clear sky
6,Riyadh,SA,24.6877,46.7219,66.34,37,0,8.63,clear sky
7,Takoradi,GH,4.8845,-1.7554,84.04,69,70,9.33,broken clouds
8,Busselton,AU,-33.65,115.3333,58.08,66,0,15.88,clear sky
9,Ushuaia,AR,-54.8,-68.3,53.22,54,75,6.91,broken clouds
10,Port Alfred,ZA,-33.5906,26.891,66.31,67,45,10.25,scattered clouds
11,Olafsvik,IS,64.8945,-23.7142,36.28,68,100,6.26,overcast clouds
12,Port Elizabeth,ZA,-33.918,25.5701,68.29,68,40,10.36,scattered clouds
13,Raudeberg,NO,61.9875,5.1352,32.67,64,100,7.9,overcast clouds
14,Arraial Do Cabo,BR,-22.9661,-42.0278,78.76,61,40,11.5,scattered clouds
15,Napier,NZ,-39.4833,176.9167,63.28,83,100,3.0,overcast clouds
16,Narasannapeta,IN,18.4167,84.05,68.27,91,100,9.15,moderate rain
17,Hermanus,ZA,-34.4187,19.2345,67.8,68,44,14.9,scattered clouds
18,Isangel,VU,-19.55,169.2667,75.31,78,97,5.75,overcast clouds
19,Ribeira Grande,PT,38.5167,-28.7,68.4,73,40,9.22,scattered clouds
20,Bethel,US,41.3712,-73.414,45.01,55,59,3.0,broken clouds
21,Norman Wells,CA,65.282,-126.8329,-23.76,69,75,8.05,light snow
22,Kavieng,PG,-2.5744,150.7967,81.86,76,17,6.02,few clouds
23,Hasaki,JP,35.7333,140.8333,39.6,51,0,6.44,clear sky
24,Tiznit,MA,29.5833,-9.5,63.57,35,0,4.45,clear sky
25,Sola,VU,-13.8833,167.55,75.87,100,75,0.0,broken clouds
26,Carnarvon,AU,-24.8667,113.6333,73.47,73,0,19.57,clear sky
27,Matay,EG,28.419,30.7792,66.15,37,100,7.54,overcast clouds
28,Morant Bay,JM,17.8815,-76.4093,85.62,71,85,13.31,overcast clouds
29,Esperance,AU,-33.8667,121.9,53.44,78,1,12.77,clear sky
30,Longyearbyen,SJ,78.2186,15.6401,33.64,75,90,23.02,shower sleet
31,East London,ZA,-33.0153,27.9116,68.94,68,75,8.05,broken clouds
32,Kapit,MY,2.0167,112.9333,74.97,99,100,1.92,overcast clouds
33,Hilo,US,19.7297,-155.09,74.28,89,6,5.01,clear sky
34,Panguna,PG,-6.3164,155.4848,68.25,94,91,1.23,overcast clouds
35,Severo-Kurilsk,RU,50.6789,156.125,39.51,84,70,18.95,broken clouds
36,Tasiilaq,GL,65.6145,-37.6368,10.72,57,2,7.92,clear sky
37,Khandbari,NP,27.3747,87.2039,59.43,87,85,2.04,overcast clouds
38,Hithadhoo,MV,-0.6,73.0833,81.63,79,11,10.0,few clouds
39,Kununurra,AU,-15.7667,128.7333,84.18,74,85,8.05,overcast clouds
40,Carballo,ES,43.213,-8.691,55.9,93,95,7.61,overcast clouds
41,Castro,BR,-24.7911,-50.0119,72.7,61,91,5.44,overcast clouds
42,Albany,US,42.6001,-73.9662,37.45,61,56,8.01,broken clouds
43,Leh,IN,34.1667,77.5833,20.37,62,1,3.29,clear sky
44,Avarua,CK,-21.2078,-159.775,73.45,94,90,12.66,overcast clouds
45,Shimoda,JP,34.6667,138.95,49.1,68,0,19.93,clear sky
46,Jamestown,US,42.097,-79.2353,36.01,85,100,5.99,overcast clouds
47,Chapais,CA,49.7834,-74.8492,8.38,91,100,10.98,overcast clouds
48,Margate,GB,51.3813,1.3862,47.91,89,100,1.99,overcast clouds
49,Bluff,NZ,-46.6,168.3333,58.8,94,74,5.82,broken clouds
50,Vardo,NO,70.3705,31.1107,30.18,51,75,8.05,broken clouds
51,Nouadhibou,MR,20.931,-17.0347,76.98,36,49,18.41,sand
52,Jinchang,CN,38.4953,102.1739,31.98,23,0,3.56,clear sky
53,Hobart,AU,-42.8794,147.3294,55.26,60,75,4.0,broken clouds
54,Seka,TH,17.9285,103.9552,56.28,58,56,3.4,broken clouds
55,Mataura,NZ,-46.1927,168.8643,58.48,100,82,1.86,light rain
56,Puerto Ayora,EC,-0.7393,-90.3518,75.16,78,85,9.33,overcast clouds
57,Atuona,PF,-9.8,-139.0333,78.21,71,20,18.79,few clouds
58,Svetlogorsk,BY,52.6333,29.7333,30.56,88,100,9.22,overcast clouds
59,Damietta,EG,31.4165,31.8133,67.89,57,100,9.75,overcast clouds
60,Lasa,IT,46.6166,10.7002,31.69,62,9,3.8,clear sky
61,Saskylakh,RU,71.9167,114.0833,-33.74,99,96,6.29,overcast clouds
62,Codrington,AU,-38.2667,141.9667,54.41,70,94,12.86,overcast clouds
63,Mogadishu,SO,2.0371,45.3438,80.65,71,40,15.86,scattered clouds
64,Asuncion Nochixtlan,MX,17.4667,-97.2333,58.44,66,89,5.77,overcast clouds
65,Lebu,CL,-37.6167,-73.65,57.85,64,0,17.49,clear sky
66,New Norfolk,AU,-42.7826,147.0587,54.91,54,54,3.0,broken clouds
67,Evensk,RU,61.95,159.2333,-12.75,77,97,7.99,overcast clouds
68,Coihaique,CL,-45.5752,-72.0662,61.41,55,20,4.61,few clouds
69,Ancud,CL,-41.8697,-73.8203,60.33,59,0,8.95,clear sky
70,Ruwi,OM,23.5996,58.5507,75.97,55,0,6.46,clear sky
71,Margherita,IN,27.2833,95.6833,64.81,82,86,2.95,overcast clouds
72,Yuancheng,CN,36.652,107.7896,31.68,26,85,1.57,overcast clouds
73,Unai,BR,-16.3575,-46.9061,87.73,53,77,3.76,broken clouds
74,Moratuwa,LK,6.773,79.8816,82.42,79,100,2.13,overcast clouds
75,Mar Del Plata,AR,-38.0023,-57.5575,73.42,56,90,1.01,light rain
76,Bredasdorp,ZA,-34.5322,20.0403,67.28,59,87,11.5,overcast clouds
77,Kapaa,US,22.0752,-159.319,73.38,84,63,4.0,light rain
78,Mayor Pablo Lagerenza,PY,-19.9309,-60.7718,100.74,33,54,5.06,broken clouds
79,Kodiak,US,57.79,-152.4072,17.65,76,11,6.13,few clouds
80,Nizwa,OM,22.9333,57.5333,71.87,42,10,0.87,clear sky
81,Baykit,RU,61.67,96.37,30.06,91,100,11.59,light snow
82,Magelang,ID,-7.4706,110.2178,76.75,95,97,0.2,overcast clouds
83,Alice Springs,AU,-23.7,133.8833,72.95,49,46,0.0,scattered clouds
84,Laguna,US,38.421,-121.4238,62.01,98,90,0.0,fog
85,Mangan,IN,27.5167,88.5333,64.69,75,73,1.74,broken clouds
86,Salalah,OM,17.0151,54.0924,76.06,64,0,5.55,clear sky
87,Tuatapere,NZ,-46.1333,167.6833,58.82,97,72,2.55,broken clouds
88,Taldan,RU,53.6667,124.8,-4.14,68,65,2.77,broken clouds
89,Nanortalik,GL,60.1432,-45.2371,24.76,49,19,9.06,few clouds
90,Port Hedland,AU,-20.3167,118.5667,86.05,62,6,12.66,clear sky
91,Walvis Bay,NA,-22.9575,14.5053,68.95,60,0,16.11,clear sky
92,Alekseyevsk,RU,57.8406,108.3492,28.49,74,43,13.98,scattered clouds
93,Ryabovo,RU,59.4,31.1333,20.86,95,100,8.01,light snow
94,Hobyo,SO,5.3505,48.5268,80.01,65,2,16.26,clear sky
95,Shadegan,IR,30.6497,48.6647,64.35,26,50,11.14,scattered clouds
96,Acapulco,MX,16.8634,-99.8901,82.18,58,75,1.7,broken clouds
97,Luderitz,NA,-26.6481,15.1594,64.58,76,56,7.07,broken clouds
98,Vaini,TO,-21.2,-175.2,73.56,94,75,4.61,light intensity drizzle
99,Dikson,RU,73.5069,80.5464,-21.3,95,99,13.98,overcast clouds
100,Jaumave,MX,23.4167,-99.3833,66.96,50,34,2.46,scattered clouds
101,Tiksi,RU,71.6872,128.8694,-32.89,99,62,4.88,broken clouds
102,Cidreira,BR,-30.1811,-50.2056,70.97,68,51,15.97,broken clouds
103,Karasuk,RU,53.7377,78.0403,21.18,87,8,12.44,clear sky
104,Fare,PF,-16.7,-151.0167,80.92,67,32,20.62,scattered clouds
105,Chuy,UY,-33.6971,-53.4616,69.31,66,86,11.81,overcast clouds
106,El Tigre,VE,8.8875,-64.2454,86.85,46,98,10.8,overcast clouds
107,Tilichiki,RU,60.4667,166.1,20.71,85,98,16.98,overcast clouds
108,Union,US,40.6334,-74.2663,48.29,50,1,14.97,clear sky
109,Sinop,TR,41.7711,34.8709,44.78,60,0,12.68,clear sky
110,Cape Town,ZA,-33.9258,18.4232,68.09,57,0,5.99,clear sky
111,Leningradskiy,RU,69.3833,178.4167,11.71,82,99,11.45,overcast clouds
112,Bage,BR,-31.3314,-54.1069,76.78,47,75,12.66,broken clouds
113,Porto Belo,BR,-27.1578,-48.5531,76.15,70,100,8.59,overcast clouds
114,Voh,NC,-20.9667,164.7,75.78,90,99,4.63,overcast clouds
115,Lorengau,PG,-2.0226,147.2712,81.75,79,15,7.65,few clouds
116,Constitucion,CL,-35.3333,-72.4167,63.59,59,9,11.45,clear sky
117,Carinhanha,BR,-14.3047,-43.765,87.46,53,100,4.63,overcast clouds
118,Denpasar,ID,-8.65,115.2167,82.06,83,40,4.61,scattered clouds
119,Shingu,JP,33.7333,135.9833,45.97,83,12,5.97,few clouds
120,Dafeng,CN,23.4517,108.5881,58.32,54,79,3.96,broken clouds
121,Narsaq,GL,60.9167,-46.05,11.73,67,8,9.1,clear sky
122,Souillac,MU,-20.5167,57.5167,79.18,83,40,8.05,scattered clouds
123,Ewo,CG,-0.8725,14.8206,81.7,71,100,2.68,light rain
124,Padang,ID,-0.9492,100.3543,78.85,80,100,4.63,light rain
125,Clyde River,CA,70.4692,-68.5914,8.83,92,95,5.75,light snow
126,Talnakh,RU,69.4865,88.3972,-23.8,98,100,9.37,overcast clouds
127,Nuuk,GL,64.1835,-51.7216,17.1,71,60,11.81,broken clouds
128,Husavik,IS,66.0449,-17.3389,21.11,81,100,10.74,overcast clouds
129,Mahebourg,MU,-20.4081,57.7,79.09,83,40,8.05,light rain
130,Yellowknife,CA,62.456,-114.3525,-1.59,88,90,1.01,light snow
131,Lokosovo,RU,61.1333,74.8167,19.22,94,100,10.69,light snow
132,Quatre Cocos,MU,-20.2078,57.7625,78.91,79,27,11.01,light rain
133,Pevek,RU,69.7008,170.3133,4.21,94,100,21.34,snow
134,Waipawa,NZ,-41.4122,175.5153,60.46,87,100,4.63,light rain
135,Kalevala,RU,65.2,31.1667,13.8,96,96,7.87,overcast clouds
136,Ankara,TR,39.9199,32.8543,43.72,55,3,3.69,clear sky
137,Upernavik,GL,72.7868,-56.1549,16.77,83,100,6.13,overcast clouds
138,Inhambane,MZ,-23.865,35.3833,84.18,70,20,15.99,few clouds
139,Bambous Virieux,MU,-20.3428,57.7575,79.05,83,40,8.05,light rain
140,Nioki,CD,-2.7167,17.6833,85.46,64,100,1.79,overcast clouds
141,Panyutyne,UA,48.9333,36.2833,48.74,69,68,18.07,broken clouds
142,Susangerd,IR,31.5608,48.1831,64.42,28,94,11.59,overcast clouds
143,South Lake Tahoe,US,38.9332,-119.9844,43.84,46,64,3.22,broken clouds
144,Katsuura,JP,35.1333,140.3,48.31,62,0,9.4,clear sky
145,Ilulissat,GL,69.2167,-51.1,9.39,87,82,9.6,broken clouds
146,Khatanga,RU,71.9667,102.5,-19.25,98,100,12.93,overcast clouds
147,Caravelas,BR,-17.7125,-39.2481,81.03,69,100,9.35,moderate rain
148,Butaritari,KI,3.0707,172.7902,82.15,69,52,14.99,broken clouds
149,Siocon,PH,7.7061,122.1353,77.59,89,100,7.9,overcast clouds
150,Viedma,AR,-40.8135,-62.9967,67.87,29,24,15.82,few clouds
151,San Nicolas,PH,18.1725,120.5953,73.31,68,75,5.75,broken clouds
152,Lagoa,PT,39.05,-27.9833,63.61,78,0,12.46,clear sky
153,Simao,CN,22.7886,100.9748,50.77,90,48,2.57,scattered clouds
154,Yagoua,CM,10.3411,15.2329,92.86,20,3,2.77,clear sky
155,Mount Isa,AU,-20.7333,139.5,87.57,25,40,8.05,light rain
156,Torbay,CA,47.6666,-52.7314,49.15,98,90,29.93,moderate rain
157,Muzhi,RU,65.3667,64.6667,1.76,97,100,2.86,overcast clouds
158,Airai,TL,-8.9266,125.4092,62.71,90,100,1.03,overcast clouds
159,La Rioja,ES,42.25,-2.5,45.05,89,73,4.99,broken clouds
160,Eureka,US,40.8021,-124.1637,43.99,85,76,3.36,broken clouds
161,Egvekinot,RU,66.3167,-179.1667,25.07,99,100,11.61,snow
162,Fortuna,US,40.5982,-124.1573,43.72,100,90,0.0,overcast clouds
163,Kavaratti,IN,10.5669,72.642,82.15,73,25,3.36,scattered clouds
164,Roebourne,AU,-20.7833,117.1333,87.44,41,6,14.2,clear sky
165,La Ferte-Bernard,FR,48.1863,0.6536,49.51,98,100,13.33,overcast clouds
166,Cascais,PT,38.6979,-9.4215,62.46,56,0,15.01,clear sky
167,Sitka,US,57.0531,-135.33,30.09,86,90,12.66,light snow
168,Grand Forks,US,47.9417,-97.4337,29.59,77,82,11.12,broken clouds
169,Ponta Delgada,PT,37.7333,-25.6667,67.5,88,75,5.75,broken clouds
170,Buala,SB,-8.145,159.5921,79.2,82,93,4.27,light rain
171,Abu Samrah,SY,35.3029,37.1841,54.59,53,61,7.52,broken clouds
172,Tigil,RU,57.8,158.6667,22.57,84,69,17.07,broken clouds
173,Barrow,US,71.2906,-156.7887,-18.38,69,20,23.02,few clouds
174,Changping,CN,40.2186,116.2197,37.04,38,1,6.93,clear sky
175,Fiumicino,IT,41.7675,12.2291,55.98,69,20,6.91,few clouds
176,Pangnirtung,CA,66.1451,-65.7125,17.6,79,75,8.05,broken clouds
177,Dingle,PH,10.9995,122.6711,73.89,88,86,8.08,overcast clouds
178,Puerto Escondido,MX,15.85,-97.0667,84.7,47,5,3.36,clear sky
179,Coxim,BR,-18.5067,-54.76,93.36,48,65,2.48,broken clouds
180,Kondinskoye,RU,59.6481,67.41,22.1,87,100,13.13,overcast clouds
181,Antofagasta,CL,-23.65,-70.4,70.21,56,4,9.04,clear sky
182,Marsabit,KE,2.3284,37.9899,72.79,54,66,13.6,broken clouds
183,Lompoc,US,34.6391,-120.4579,54.25,98,90,4.61,mist
184,Aklavik,CA,68.2191,-135.0107,-29.7,87,17,5.06,few clouds
185,Tual,ID,-5.6667,132.75,83.08,71,100,1.99,overcast clouds
186,Okha,RU,53.5739,142.9478,7.72,85,30,12.84,scattered clouds
187,Coffs Harbour,AU,-30.3,153.1333,68.13,96,3,0.0,clear sky
188,Deputatskiy,RU,69.3,139.9,-26.05,92,100,5.68,overcast clouds
189,Tautira,PF,-17.7333,-149.15,75.22,74,51,18.57,broken clouds
190,Coquimbo,CL,-29.9533,-71.3436,64.49,69,1,6.76,clear sky
191,Tonantins,BR,-2.8731,-67.8022,81.75,85,97,2.64,overcast clouds
192,Aksay,RU,47.26,39.87,48.42,77,70,11.99,broken clouds
193,Sur,OM,22.5667,59.5289,74.5,56,0,3.87,clear sky
194,Dombarovskiy,RU,50.7587,59.5386,26.82,87,61,14.63,broken clouds
195,Karratha,AU,-20.7377,116.8463,85.42,50,6,14.92,clear sky
196,Halifax,CA,44.6453,-63.5724,45.34,79,75,14.0,broken clouds
197,Khorixas,NA,-20.3667,14.9667,81.09,25,41,21.16,scattered clouds
198,Iqaluit,CA,63.7506,-68.5145,5.63,94,25,4.92,scattered clouds
199,Sharjah,AE,25.3573,55.4033,80.58,61,0,9.22,clear sky
200,Lewisporte,CA,49.2499,-55.0482,54.14,85,100,20.31,overcast clouds
201,Biak,ID,-0.9131,122.8766,76.75,84,87,1.97,moderate rain
202,Darhan,MN,49.4867,105.9228,14.02,86,9,5.91,clear sky
203,Bengkulu,ID,-3.8004,102.2655,78.49,86,100,4.07,moderate rain
204,Necochea,AR,-38.5473,-58.7368,59.04,82,100,11.52,light rain
205,Ugoofaaru,MV,5.6667,73.0,83.03,73,6,3.36,clear sky
206,Chegdomyn,RU,51.1167,133.0167,-16.24,100,59,0.81,broken clouds
207,Kieta,PG,-6.2167,155.6333,78.67,82,84,1.86,broken clouds
208,Ojinaga,MX,29.5667,-104.4167,67.57,59,1,3.44,clear sky
209,Hervey Bay,AU,-25.2986,152.8535,73.04,93,10,1.01,clear sky
210,Saly,HU,47.95,20.6667,35.19,88,75,4.27,broken clouds
211,Broome,US,42.2506,-75.833,37.71,70,90,5.99,overcast clouds
212,Totoro,CO,2.512,-76.4012,62.44,69,93,1.72,overcast clouds
213,Cairns,AU,-16.9167,145.7667,78.75,85,99,10.36,overcast clouds
214,Naze,JP,28.3667,129.4833,58.89,57,95,14.83,overcast clouds
215,Tacuarembo,UY,-31.7333,-55.9833,81.39,35,0,10.2,clear sky
216,San Patricio,US,28.017,-97.5169,74.84,74,86,8.55,overcast clouds
217,Flin Flon,CA,54.7682,-101.865,12.06,91,100,9.8,light snow
218,Kendari,ID,-3.945,122.4989,76.26,92,99,3.29,overcast clouds
219,Klaksvik,FO,62.2266,-6.589,36.52,66,81,9.53,broken clouds
220,Pandrup,DK,57.2215,9.6757,33.89,100,90,8.05,light snow
221,Ostrovnoy,RU,68.0531,39.5131,22.46,64,100,13.18,overcast clouds
222,Antalaha,MG,-14.9003,50.2788,77.68,84,1,10.51,light rain
223,Comodoro Rivadavia,AR,-45.8667,-67.5,65.25,39,0,10.31,clear sky
224,Itoman,JP,26.1247,127.6694,64.42,48,40,11.5,scattered clouds
225,Lulea,SE,65.5842,22.1547,15.87,92,90,6.91,light snow
226,Gayny,RU,60.3071,54.3241,8.78,97,91,4.65,overcast clouds
227,Touros,BR,-5.1989,-35.4608,86.58,63,98,13.85,overcast clouds
228,Rawson,AR,-43.3002,-65.1023,67.06,37,8,10.87,clear sky
229,Islamkot,PK,24.6997,70.177,72.43,29,0,10.02,clear sky
230,Port Moresby,PG,-9.4431,147.1797,77.49,87,100,2.93,overcast clouds
231,Provideniya,RU,64.3833,-173.3,30.49,98,100,9.89,snow
232,Diego De Almagro,CL,-26.3667,-70.05,80.29,15,69,10.45,broken clouds
233,New Cumnock,GB,55.3956,-4.1846,44.42,95,75,5.03,broken clouds
234,Emba,KZ,48.8264,58.1442,28.72,87,38,8.52,scattered clouds
235,Russell,US,32.3502,-85.1999,67.98,76,73,4.23,broken clouds
236,Namibe,AO,-15.1961,12.1522,75.72,64,6,13.71,clear sky
237,Miri,MY,4.4148,114.0089,77.38,93,100,9.26,light rain
238,Jumla,NP,29.2747,82.1838,43.81,89,71,4.07,broken clouds
239,Mandera,KE,3.9366,41.867,90.63,33,78,0.47,broken clouds
240,Khilok,RU,51.3674,110.4676,16.86,78,15,4.43,few clouds
241,Dunedin,NZ,-45.8742,170.5036,57.7,98,53,5.26,broken clouds
242,Chifeng,CN,42.2683,118.9636,28.54,56,0,5.17,clear sky
243,Hamilton,US,39.1834,-84.5333,53.74,60,4,1.99,clear sky
244,Radhanpur,IN,23.8333,71.6,72.16,48,0,7.56,clear sky
245,Aykhal,RU,66.0,111.5,-12.48,100,100,7.67,overcast clouds
246,Manica,FR,49.0,-1.1667,47.61,98,100,13.71,light rain
247,Mizdah,LY,31.4451,12.9801,55.36,38,92,16.96,overcast clouds
248,Pisco,PE,-13.7,-76.2167,70.02,82,67,8.39,broken clouds
249,Dalbandin,PK,28.8947,64.4101,64.92,34,0,12.48,clear sky
250,Jalu,LY,29.0331,21.5482,67.05,28,100,11.21,overcast clouds
251,Port Lincoln,AU,-34.7333,135.8667,55.11,76,47,11.52,scattered clouds
252,Sibolga,ID,1.7427,98.7792,77.11,89,100,3.38,overcast clouds
253,Nikolskoye,RU,59.7035,30.7861,23.02,95,100,8.39,light snow
254,Kruisfontein,ZA,-34.0033,24.7314,64.89,62,77,8.63,broken clouds
255,Rock Springs,US,41.5875,-109.2029,38.64,70,1,12.66,clear sky
256,Sheridan,US,44.8333,-106.9173,46.65,75,1,0.0,clear sky
257,Oksfjord,NO,70.2396,22.3479,26.78,92,49,10.63,scattered clouds
258,Tukrah,LY,32.5341,20.5791,65.03,43,100,20.71,overcast clouds
259,Cabo San Lucas,MX,22.8909,-109.9124,82.15,72,100,3.4,overcast clouds
260,Saint-Philippe,RE,-21.3585,55.7679,78.39,85,34,9.78,scattered clouds
261,Ponta Do Sol,PT,32.6667,-17.1,70.12,56,65,8.97,broken clouds
262,Gizo,SB,-8.103,156.8419,82.08,74,94,6.53,overcast clouds
263,Kismayo,SO,-0.3582,42.5454,81.43,73,89,11.27,overcast clouds
264,Ishigaki,JP,24.3448,124.1572,66.63,55,11,22.59,few clouds
265,Banda Aceh,ID,5.5577,95.3222,77.56,89,100,11.77,moderate rain
266,Nalgonda,IN,17.05,79.2667,72.54,70,99,6.33,overcast clouds
267,Rossland,CA,49.0831,-117.8022,23.72,88,90,3.36,overcast clouds
268,Pontes E Lacerda,BR,-15.2261,-59.3353,89.76,56,79,5.79,broken clouds
269,Jacareacanga,BR,-6.2222,-57.7528,87.21,63,95,1.86,overcast clouds
270,Bowral,AU,-34.4667,150.4167,57.13,99,100,2.77,overcast clouds
271,Henties Bay,NA,-22.116,14.2845,66.85,77,11,11.45,few clouds
272,Ghanzi,BW,-21.5667,21.7833,88.79,29,51,12.15,broken clouds
273,Charters Towers,AU,-20.1,146.2667,77.2,75,33,7.99,scattered clouds
274,Catuday,PH,16.2923,119.8062,76.95,65,68,16.58,broken clouds
275,Hami,CN,42.8,93.45,25.45,60,0,3.04,clear sky
276,Katangli,RU,51.7102,143.2326,5.97,75,100,10.83,overcast clouds
277,Pokhara,NP,28.2333,83.9833,61.66,82,58,3.47,broken clouds
278,Linxia,CN,35.6003,103.2064,28.18,66,1,3.22,clear sky
279,Ambilobe,MG,-13.2,49.05,81.81,63,37,4.88,scattered clouds
280,Punta Alta,AR,-38.8759,-62.0736,62.51,79,99,17.52,overcast clouds
281,Manokwari,ID,-0.8667,134.0833,79.02,80,100,6.17,overcast clouds
282,Lata,PT,40.1629,-8.3327,56.91,67,0,5.66,clear sky
283,San Carlos De Bariloche,AR,-41.1456,-71.3082,58.75,47,75,6.91,broken clouds
284,College,US,64.8569,-147.8028,-20.42,70,7,3.15,clear sky
285,Gobabis,NA,-22.45,18.9667,75.04,48,93,13.47,light rain
286,Fairbanks,US,64.8378,-147.7164,-20.4,69,7,3.02,clear sky
287,Maceio,BR,-9.6658,-35.7353,90.84,55,40,17.27,scattered clouds
288,Gazli,UZ,40.1333,63.45,48.88,36,100,16.24,overcast clouds
289,Marawi,PH,7.9986,124.2928,64.65,97,100,2.84,overcast clouds
290,Vao,NC,-22.6667,167.4833,76.12,76,100,13.58,overcast clouds
291,Durazno,UY,-33.4131,-56.5006,75.15,50,75,6.91,broken clouds
292,Zhuhai,CN,22.2769,113.5678,65.98,39,0,14.97,clear sky
293,Baruun-Urt,MN,46.6806,113.2792,23.07,67,9,8.16,clear sky
294,Bilibino,RU,68.0546,166.4372,-15.47,98,100,12.95,overcast clouds
295,Xinyang,CN,32.1228,114.0656,47.57,29,96,1.86,overcast clouds
296,Owando,CG,-0.4819,15.8999,79.38,75,100,1.99,light rain
297,Scottsbluff,US,41.8666,-103.6672,42.3,74,6,4.0,clear sky
298,Fond Du Lac,US,43.775,-88.4388,36.75,99,100,4.0,overcast clouds
299,San Jose,US,37.3394,-121.895,53.92,92,90,5.75,mist
300,Anadyr,RU,64.75,177.4833,20.07,89,100,5.93,overcast clouds
301,Tuktoyaktuk,CA,69.4541,-133.0374,-18.18,95,98,14.0,overcast clouds
302,Nome,US,64.5011,-165.4064,3.27,85,90,25.32,light snow
303,Pimentel,PE,-6.8367,-79.9342,75.49,60,0,16.11,clear sky
304,Iralaya,HN,15.0,-83.2333,81.07,77,67,13.85,broken clouds
305,Tromso,NO,69.6496,18.957,20.37,79,0,3.44,clear sky
306,Diu,IN,20.7141,70.9822,73.2,65,2,5.59,clear sky
307,Meadville,US,41.6414,-80.1515,38.77,77,90,3.0,overcast clouds
308,Eydhafushi,MV,5.1033,73.0708,82.53,76,4,5.79,clear sky
309,Berlevag,NO,70.8578,29.0864,22.95,74,75,9.22,broken clouds
310,Jayuya,PR,18.2186,-66.5916,83.12,78,32,1.01,scattered clouds
311,Rawlins,US,41.7911,-107.2387,50.22,53,1,13.8,clear sky
312,Makakilo City,US,21.3469,-158.0858,71.92,92,90,4.61,moderate rain
313,Nhulunbuy,AU,-12.2333,136.7667,81.21,89,83,0.0,broken clouds
314,Merauke,ID,-8.4667,140.3333,80.01,86,95,7.31,overcast clouds
315,Zhanaozen,KZ,43.3,52.8,39.47,55,6,11.63,clear sky
316,Saldanha,ZA,-33.0117,17.9442,64.18,72,15,24.9,few clouds
317,Machala,EC,-3.2667,-79.9667,82.35,65,20,5.75,few clouds
318,Camargo,MX,27.6667,-105.1667,65.52,47,7,5.17,clear sky
319,Sattahip,TH,12.6664,100.9007,80.91,56,20,6.91,few clouds
320,Lamu,KE,-2.2717,40.902,82.62,76,87,8.48,overcast clouds
321,Tsiroanomandidy,MG,-18.7667,46.0333,81.19,29,19,2.1,few clouds
322,Magadi,IN,12.9667,77.2333,73.56,86,100,3.98,overcast clouds
323,Marovoay,MG,-16.1,46.6333,84.81,55,69,6.29,broken clouds
324,Korostyshiv,UA,50.3172,29.0563,32.97,86,100,9.89,overcast clouds
325,General Roca,AR,-39.0333,-67.5833,67.62,26,97,12.73,overcast clouds
326,Inongo,CD,-1.95,18.2667,76.23,81,94,1.07,light rain
327,Camacha,PT,33.0833,-16.3333,63.54,59,75,16.11,broken clouds
328,Bathsheba,BB,13.2167,-59.5167,86.61,70,40,18.41,scattered clouds
329,Kinsale,IE,51.7075,-8.5306,47.23,93,75,3.44,light rain
330,Victoria,HK,22.2855,114.1577,66.25,35,15,11.01,few clouds
331,Matara,LK,5.9485,80.5353,78.6,85,74,3.76,broken clouds
332,Thompson,CA,55.7435,-97.8558,-5.64,77,90,12.66,light snow
333,Saint George,US,37.1041,-113.5841,58.35,48,1,0.0,clear sky
334,Doka,SD,13.5167,35.7667,85.84,22,0,8.08,clear sky
335,Yar-Sale,RU,66.8333,70.8333,-11.99,92,95,12.46,overcast clouds
336,Paamiut,GL,61.994,-49.6678,17.64,63,51,15.39,broken clouds
337,Sena Madureira,BR,-9.0656,-68.6569,86.54,54,96,1.3,overcast clouds
338,Calella,ES,41.618,2.6678,57.22,51,42,2.08,scattered clouds
339,Benito Juarez,MX,19.385,-99.165,60.39,49,40,1.99,scattered clouds
340,Vilyuysk,RU,63.7553,121.6247,-18.67,93,100,7.16,overcast clouds
341,Ruteng,ID,-8.6136,120.4721,63.77,92,100,1.32,overcast clouds
342,Kaitangata,NZ,-46.2817,169.8464,55.94,98,42,1.43,scattered clouds
343,Portland,US,45.5234,-122.6762,40.46,94,90,1.01,overcast clouds
344,Paranga,RU,56.7039,49.4047,32.85,93,99,10.51,overcast clouds
345,Khani,GE,41.9563,42.9566,38.77,57,0,6.96,clear sky
346,Lucapa,AO,-8.4192,20.7447,80.4,67,39,4.05,scattered clouds
347,Bandiagara,ML,14.3501,-3.6104,95.18,8,19,5.35,few clouds
348,Cherskiy,RU,68.75,161.3,-7.96,97,100,17.18,light snow
349,Lumut,MY,4.2323,100.6298,78.08,83,100,1.01,overcast clouds
350,Manta,EC,-0.95,-80.7333,80.38,74,40,10.36,scattered clouds
351,Kilindoni,TZ,-7.9139,39.6668,81.59,75,18,10.07,few clouds
352,Severobaykalsk,RU,55.65,109.3167,21.22,90,94,4.94,overcast clouds
353,Asau,RO,46.4333,26.4,35.76,83,100,3.27,light rain
354,Port Macquarie,AU,-31.4333,152.9167,64.36,95,17,4.9,few clouds
355,Geraldton,AU,-28.7667,114.6,70.21,73,0,18.41,clear sky
356,Saint-Georges,GD,12.0564,-61.7485,80.96,79,99,12.19,overcast clouds
357,Wilmington,US,34.2257,-77.9447,72.95,46,1,8.05,clear sky
358,Kashmor,PK,28.4333,69.5833,70.18,22,3,7.2,clear sky
359,Gat,IL,31.61,34.7642,65.8,56,100,7.36,overcast clouds
360,Changde,CN,29.0464,111.6783,53.71,38,93,3.69,overcast clouds
361,Namatanai,PG,-3.6667,152.4333,80.46,81,85,5.7,overcast clouds
362,Kahului,US,20.8947,-156.47,74.46,87,20,17.27,light rain
363,Nemuro,JP,43.3236,145.575,47.34,88,78,9.84,broken clouds
364,Grindavik,IS,63.8424,-22.4338,30.67,93,40,10.36,scattered clouds
365,Leshukonskoye,RU,64.8989,45.7622,-3.87,95,6,4.72,clear sky
366,Palu,ID,-0.8917,119.8707,77.95,89,86,2.01,overcast clouds
367,Otane,NZ,-39.8833,176.6333,64.0,95,100,2.48,overcast clouds
368,Tamiahua,MX,21.2667,-97.45,77.31,70,18,0.58,few clouds
369,San Cristobal,VE,7.7669,-72.225,80.78,41,43,6.29,scattered clouds
370,Luena,AO,-11.7833,19.9167,76.42,57,77,3.6,broken clouds
371,Waingapu,ID,-9.6567,120.2641,81.28,79,98,1.81,overcast clouds
372,Ahipara,NZ,-35.1667,173.1667,63.82,93,100,8.25,overcast clouds
373,Ganzhou,CN,28.8184,115.4327,50.86,45,100,2.73,overcast clouds
374,Chiang Rai,TH,19.9167,99.9167,60.13,95,48,1.01,scattered clouds
375,Carutapera,BR,-1.195,-46.02,83.71,73,76,4.97,broken clouds
376,Muroto,JP,33.2833,134.15,54.09,69,4,15.7,clear sky
377,Gurh,IN,24.5167,81.5167,64.54,46,99,2.44,overcast clouds
378,Villarrica,PY,-25.75,-56.4333,94.55,24,1,2.28,clear sky
379,Santa Cruz,BO,-17.8,-63.1667,87.26,66,40,5.75,scattered clouds
380,Goderich,CA,43.7501,-81.7165,36.91,62,100,13.15,overcast clouds
381,Karlstad,SE,59.3793,13.5036,18.16,100,90,4.61,overcast clouds
382,Barcelos,PT,41.5388,-8.6151,53.85,80,57,3.4,broken clouds
383,Youghal,IE,51.95,-7.8506,47.08,100,100,4.68,moderate rain
384,Ulaanbaatar,MN,47.9077,106.8832,-0.27,78,0,2.24,clear sky
385,Belaya Gora,RU,68.5333,146.4167,-17.75,96,100,9.19,overcast clouds
386,Altay,CN,47.8667,88.1167,24.08,54,70,7.23,broken clouds
387,Willmar,US,45.1219,-95.0433,38.89,93,1,4.61,mist
388,Tomatlan,MX,19.9333,-105.25,81.97,57,95,1.79,overcast clouds
389,Kommunar,RU,59.6206,30.39,22.66,95,100,9.22,light snow
390,Birnin Kebbi,NG,12.4539,4.1975,94.59,10,27,8.72,scattered clouds
391,Poum,NC,-20.2333,164.0167,79.05,81,100,14.32,overcast clouds
392,Brokopondo,SR,4.75,-55.1667,82.22,68,90,0.69,overcast clouds
393,Bati,ET,11.1833,40.0167,65.84,40,0,3.83,clear sky
394,Cayenne,GF,4.9333,-52.3333,78.1,89,90,4.0,overcast clouds
395,Mombetsu,JP,44.3525,143.3525,35.8,82,64,12.12,broken clouds
396,Taltal,CL,-25.4,-70.4833,67.3,66,14,8.41,few clouds
397,Port-Cartier,CA,50.0334,-66.8654,29.75,63,96,21.07,overcast clouds
398,Nelson Bay,AU,-32.7167,152.15,68.76,97,52,3.02,broken clouds
399,Caen,FR,49.0833,-0.4167,48.42,100,75,9.22,light rain
400,Hofn,IS,64.2539,-15.2082,32.32,53,52,11.25,broken clouds
401,Hecun,CN,36.5333,114.1111,43.23,33,0,5.35,clear sky
402,Kengyel,HU,47.0833,20.3333,37.42,60,0,4.61,clear sky
403,Camopi,GF,3.1655,-52.3158,83.21,72,96,2.82,overcast clouds
404,Xuddur,SO,4.1213,43.8894,82.69,35,10,9.17,clear sky
405,Erdaojiang,CN,41.7764,126.0319,3.79,98,94,0.85,overcast clouds
406,Mabaruma,GY,8.2,-59.7833,85.21,63,78,4.5,broken clouds
407,Yatou,CN,37.15,122.3833,37.8,68,1,8.08,clear sky
408,Yorosso,ML,12.3536,-4.7761,96.96,9,63,7.76,broken clouds
409,Oranjemund,NA,-28.55,16.4333,65.95,70,12,11.3,few clouds
410,Tianpeng,CN,30.9866,103.9393,50.36,59,58,2.24,broken clouds
411,Bloemhof,ZA,-27.6469,25.607,76.87,39,98,2.44,overcast clouds
412,Plouzane,FR,48.3833,-4.6167,55.58,94,90,19.57,mist
413,Campbell River,CA,50.0163,-125.2446,33.46,100,100,4.97,overcast clouds
414,Zhezkazgan,KZ,47.8043,67.7144,25.3,85,5,3.56,clear sky
415,Mataram,ID,-8.5833,116.1167,79.61,86,87,3.18,overcast clouds
416,Felipe Carrillo Puerto,MX,19.5833,-88.05,82.33,64,2,4.5,clear sky
417,Sudak,UA,44.85,34.9667,52.36,82,33,13.73,scattered clouds
418,Hinesville,US,31.8469,-81.5959,69.76,54,1,4.61,clear sky
419,Faanui,PF,-16.4833,-151.75,81.18,69,96,20.71,overcast clouds
420,Casas Grandes,MX,30.3667,-107.95,54.45,63,27,4.32,scattered clouds
421,Zhigansk,RU,66.7697,123.3711,-43.04,98,84,8.25,broken clouds
422,West Memphis,US,35.1465,-90.1845,70.11,72,1,11.5,clear sky
423,Mavelikara,IN,9.2667,76.55,77.07,90,99,2.15,light rain
424,Usinsk,RU,65.9939,57.5281,-1.07,93,100,13.98,overcast clouds
425,Ayan,RU,56.45,138.1667,-3.23,80,46,19.35,scattered clouds
426,Port Hardy,CA,50.6996,-127.4199,37.76,80,100,2.86,overcast clouds
427,Fowa,NG,8.9167,6.4,97.5,16,52,2.57,broken clouds
428,Yulara,AU,-25.2406,130.9889,82.24,20,0,5.75,clear sky
429,Saint-Pierre,RE,-21.3393,55.4781,78.48,84,0,11.5,light rain
430,Belmonte,BR,-15.8631,-38.8828,79.3,86,93,7.61,overcast clouds
431,Nilanga,IN,18.1,76.7667,72.97,73,100,7.29,overcast clouds
432,Mitsamiouli,KM,-11.3847,43.2844,81.63,75,7,8.23,clear sky
433,Del Rio,US,29.3627,-100.8968,73.24,73,1,5.75,clear sky
434,Saint-Leu,RE,-21.15,55.2833,77.86,79,11,3.65,light rain
435,Imbituba,BR,-28.24,-48.6703,73.29,69,97,6.13,overcast clouds
436,Nueva Helvecia,UY,-34.3,-57.2333,75.6,44,21,7.74,few clouds
437,Aksu,CN,41.1231,80.2644,28.47,44,43,0.45,scattered clouds
438,Havoysund,NO,70.9963,24.6622,25.03,78,43,13.02,scattered clouds
439,Killybegs,IE,54.6333,-8.45,47.91,83,98,15.1,overcast clouds
440,Ixtapa,MX,20.7,-105.2,79.23,69,1,2.3,clear sky
441,Te Anau,NZ,-45.4167,167.7167,56.39,98,100,1.3,overcast clouds
442,Rancho Palos Verdes,US,33.7445,-118.387,56.43,87,90,1.99,mist
443,Pokrovsk,UA,48.282,37.1758,48.02,78,84,19.3,broken clouds
444,Sao Miguel Do Araguaia,BR,-13.275,-50.1628,83.61,70,99,5.93,light rain
445,Cambridge,CA,43.3601,-80.3127,35.37,73,91,1.99,overcast clouds
446,Shenjiamen,CN,29.9576,122.298,52.63,52,0,13.02,clear sky
447,Thunder Bay,CA,48.4001,-89.3168,22.55,84,100,2.8,overcast clouds
448,Katherine,AU,-14.4667,132.2667,88.12,55,94,10.36,overcast clouds
449,Valle De Allende,MX,26.9333,-105.4,63.19,43,84,1.83,broken clouds
450,Todos Santos,MX,23.45,-110.2167,81.66,55,91,6.51,overcast clouds
451,Ardesen,TR,41.1911,40.9875,51.76,52,1,6.87,clear sky
452,Sandnessjoen,NO,66.0217,12.6316,28.38,60,20,8.99,few clouds
453,Trofors,NO,65.5333,13.4063,27.75,93,59,6.53,broken clouds
454,Betsiamites,CA,48.9413,-68.646,24.89,69,100,24.11,overcast clouds
455,Bubaque,GW,11.2833,-15.8333,82.65,60,56,9.84,broken clouds
456,Lavrentiya,RU,65.5833,-171.0,11.26,94,100,20.02,snow
457,Kamina,CD,-8.7386,24.9906,69.15,88,58,1.52,light rain
458,Brazzaville,CG,-4.2658,15.2832,82.42,74,96,3.36,moderate rain
459,Mahibadhoo,MV,3.7833,72.9667,82.69,75,4,6.35,clear sky
460,Mashhad,IR,36.297,59.6062,41.14,100,90,13.8,light intensity drizzle
461,Emerald,AU,-23.5333,148.1667,74.98,61,0,6.22,clear sky
462,San Vicente,AR,-26.6167,-54.1333,91.56,18,9,3.33,clear sky
463,Rio Gallegos,AR,-51.6226,-69.2181,66.25,19,0,11.5,clear sky
464,Avera,US,33.194,-82.5271,70.72,42,2,4.41,clear sky
465,Jaca,ES,42.569,-0.5499,46.6,81,100,6.89,overcast clouds
466,Garissa,KE,-0.4536,39.6401,85.51,56,100,6.82,overcast clouds
467,Haines Junction,CA,60.7522,-137.5108,-9.38,99,100,2.8,overcast clouds
468,Teguise,ES,29.0605,-13.564,62.82,59,75,28.77,broken clouds
469,Bloomfield,US,40.8068,-74.1854,48.04,49,90,4.0,overcast clouds
470,Beringovskiy,RU,63.05,179.3167,30.58,78,97,18.48,overcast clouds
471,Tecuci,RO,45.8497,27.4344,40.71,71,99,16.58,overcast clouds
472,Kargasok,RU,59.0556,80.8572,22.73,89,99,12.08,overcast clouds
473,Kyshtovka,RU,56.555,76.6271,21.11,92,90,13.82,overcast clouds
474,Culebra,PR,18.303,-65.301,86.04,74,68,10.27,broken clouds
475,Huarmey,PE,-10.0681,-78.1522,72.01,73,61,9.31,broken clouds
476,Vieksniai,LT,56.2333,22.5167,29.17,98,79,4.47,broken clouds
477,Cairo,EG,30.0626,31.2497,68.76,52,75,10.36,broken clouds
478,Sovetskiy,RU,61.3614,63.5842,15.49,90,94,8.3,overcast clouds
479,Valparaiso,CL,-33.0393,-71.6273,68.23,64,0,8.05,clear sky
480,Lima,PE,-12.0432,-77.0282,69.13,77,75,10.36,broken clouds
481,Christchurch,NZ,-43.5333,172.6333,68.02,77,90,2.3,light rain
482,Batagay,RU,67.6333,134.6333,-34.65,96,99,3.87,overcast clouds
483,Bambanglipuro,ID,-7.95,110.2833,79.56,85,98,4.32,overcast clouds
484,Havre-Saint-Pierre,CA,50.2334,-63.5986,37.53,93,89,11.43,overcast clouds
485,Yeppoon,AU,-23.1333,150.7333,76.78,82,0,13.22,clear sky
486,Insar,RU,53.8653,44.3738,36.82,98,100,12.82,overcast clouds
487,Xining,CN,36.6167,101.7667,28.51,36,0,1.97,clear sky
488,Chicama,PE,-7.8447,-79.1469,64.94,63,93,7.67,overcast clouds
489,Murgab,TM,37.4966,61.9714,48.56,44,99,13.44,overcast clouds
490,Sechura,PE,-5.5569,-80.8222,77.0,57,100,8.39,overcast clouds
491,Ingham,US,42.6,-84.3833,34.56,92,90,6.91,light snow
492,Kabo,CF,7.6994,18.629,88.57,37,72,6.93,broken clouds
493,Formosa,AR,-26.1775,-58.1781,89.58,37,0,10.36,clear sky
494,Chabahar,IR,25.2919,60.643,76.1,64,0,10.18,clear sky
495,Naftalan,AZ,40.5067,46.825,38.62,73,58,4.03,broken clouds
496,Millau,FR,44.0833,2.9167,41.4,82,94,6.6,overcast clouds
497,Gorontalo,ID,0.5412,123.0595,76.66,94,100,3.56,overcast clouds
498,Chokurdakh,RU,70.6333,147.9167,-18.02,94,100,15.64,overcast clouds
499,Koulikoro,ML,14.0,-7.75,96.84,9,14,7.25,few clouds
500,Kalach-Na-Donu,RU,48.691,43.5264,42.12,70,100,13.09,overcast clouds
501,Port Blair,IN,11.6667,92.75,79.93,83,11,9.28,few clouds
502,Yarada,IN,17.65,83.2667,69.78,95,100,19.33,moderate rain
503,Palmer,US,42.1584,-72.3287,40.73,50,75,4.0,broken clouds
504,Salinopolis,BR,-0.6136,-47.3561,82.27,77,81,4.72,broken clouds
505,Muros,ES,42.7762,-9.0603,56.98,93,100,12.1,overcast clouds
506,Tiassale,CI,5.8983,-4.8283,93.45,42,96,4.92,overcast clouds
507,Sao Lourenco Do Oeste,BR,-26.3592,-52.8511,82.71,33,0,4.09,clear sky
508,Curup,ID,-3.4667,102.5333,69.17,98,99,0.69,moderate rain
509,Honningsvag,NO,70.9821,25.9704,24.55,74,20,9.22,few clouds
510,Sakakah,SA,29.9697,40.2064,58.98,34,25,8.59,scattered clouds
511,Tevaitoa,PF,-16.7833,-151.5,81.34,66,79,21.56,broken clouds
512,Mbarara,UG,-0.608,30.65,65.89,86,96,2.93,light rain
513,Silver City,US,32.7701,-108.2803,57.31,44,75,1.99,broken clouds
514,Villa Rica,US,33.7321,-84.9191,68.77,66,17,3.69,few clouds
515,Kibala,TD,9.1104,18.3463,92.07,20,14,3.94,few clouds
516,Masvingo,ZW,-20.0637,30.8277,88.88,23,32,7.78,scattered clouds
517,Iskateley,RU,67.6803,53.1512,-5.24,99,93,6.38,overcast clouds
518,Batemans Bay,AU,-35.7167,150.1833,65.19,90,100,2.68,overcast clouds
519,Lobito,AO,-12.3481,13.5456,78.57,82,51,5.88,light rain
520,Corn Island,NI,12.1694,-83.0418,80.56,81,94,19.86,overcast clouds
521,Agirish,RU,61.9247,63.0231,14.38,91,97,9.24,overcast clouds
522,Grootfontein,NA,-19.5667,18.1167,79.75,42,82,7.52,broken clouds
523,Dubbo,AU,-32.25,148.6167,64.53,82,15,0.0,few clouds
524,Gumdag,TM,39.2061,54.5906,46.26,72,100,16.49,overcast clouds
525,Buta,CD,2.7858,24.73,77.38,81,100,2.89,overcast clouds
526,Luau,AO,-10.7073,22.2247,66.16,93,79,5.17,light rain
527,Ginda,IN,30.6945,78.4932,47.23,71,6,6.62,clear sky
528,Kudahuvadhoo,MV,2.6708,72.8944,82.76,75,8,7.34,clear sky
529,Ihosy,MG,-22.4,46.1167,76.55,58,4,11.59,clear sky
530,Glenwood Springs,US,39.5505,-107.3248,49.23,55,1,0.0,clear sky
531,Kapuskasing,CA,49.4169,-82.4331,5.77,79,7,6.89,clear sky
532,Cap-Aux-Meules,CA,47.3821,-61.8597,46.45,93,75,14.97,broken clouds
533,Athabasca,CA,54.7169,-113.2854,20.48,76,0,8.1,clear sky
534,Homberg,DE,51.0333,9.4,34.61,80,75,16.11,broken clouds
535,Sao Filipe,CV,14.8961,-24.4956,76.89,66,36,9.95,scattered clouds
536,Keti Bandar,PK,24.1447,67.4497,75.58,49,0,7.56,clear sky
537,Ahuimanu,US,21.4447,-157.8378,73.11,80,47,8.7,light rain
538,Roma,US,43.2128,-75.4557,35.65,63,75,1.99,broken clouds
539,Quesnel,CA,52.9999,-122.5029,19.29,92,58,4.9,broken clouds
540,Mudon,MM,16.2578,97.7164,72.86,73,58,5.86,broken clouds
541,Belaya Kholunitsa,RU,58.84,50.8528,15.03,99,92,3.27,overcast clouds
542,Tahe,CN,52.3333,124.7333,-8.9,93,13,3.49,few clouds
543,Kampot,KH,10.6167,104.1833,80.65,78,78,5.86,broken clouds
544,Wenatchee,US,47.4235,-120.3103,39.6,73,1,6.91,clear sky
545,Rocha,UY,-34.4833,-54.3333,70.52,61,76,10.54,broken clouds
546,Koson,UZ,39.0375,65.585,50.32,37,100,7.63,overcast clouds
547,Pajacuaran,MX,20.1167,-102.5667,66.24,42,87,3.02,overcast clouds
548,Ajdabiya,LY,30.7554,20.2263,67.87,30,100,14.83,overcast clouds
549,Soyo,AO,-6.1349,12.3689,81.5,80,84,9.73,broken clouds
550,Goianapolis,BR,-16.5106,-49.0239,85.28,69,72,3.44,broken clouds
551,Hualmay,PE,-11.0964,-77.6139,71.82,72,73,9.6,broken clouds
552,Kankakee,US,41.15,-87.8667,50.04,72,20,12.28,few clouds
553,Maputo,MZ,-25.9653,32.5892,77.23,83,13,11.99,few clouds
554,Rzhaksa,RU,52.1338,42.0264,40.28,94,100,15.86,overcast clouds
555,Luis Correia,BR,-2.8792,-41.6669,91.4,66,75,17.27,broken clouds
556,Vanavara,RU,60.34,102.2797,29.28,75,100,13.67,overcast clouds
557,Great Yarmouth,GB,52.6083,1.7305,44.94,92,100,8.84,overcast clouds
558,Genhe,CN,50.7833,121.5167,-9.56,97,5,1.66,clear sky
559,Los Alamos,US,35.8881,-106.307,52.05,41,1,3.0,clear sky
560,Wajima,JP,37.4,136.9,44.87,86,100,13.82,overcast clouds
561,Mitchell,US,43.7094,-98.0298,43.11,73,1,11.01,clear sky
562,Aranos,NA,-24.1333,19.1167,73.17,62,75,9.53,light rain
563,Kapchorwa,UG,1.3965,34.4509,67.42,55,100,6.04,overcast clouds
564,Bayan,CN,46.0833,127.4,-4.34,92,7,5.44,clear sky
565,Nederweert,NL,51.2833,5.7333,41.59,90,100,20.67,overcast clouds
566,Bitam,GA,2.076,11.5007,73.11,93,100,2.28,light rain
567,Salekhard,RU,66.53,66.6019,-2.04,85,100,9.51,overcast clouds
568,Kolpashevo,RU,58.3131,82.9089,29.14,92,100,13.44,light snow
569,Baghdad,IQ,33.3406,44.4009,58.91,26,62,8.19,broken clouds
570,Ocos,GT,14.5094,-92.1933,92.73,61,90,2.89,overcast clouds
571,Sesheke,ZM,-17.4759,24.2968,98.49,14,70,5.39,broken clouds
572,Ciudad Bolivar,VE,8.1222,-63.5497,88.93,46,89,8.66,overcast clouds
573,Maldonado,UY,-34.6667,-54.9167,72.79,42,20,7.49,few clouds
574,Los Llanos De Aridane,ES,28.6585,-17.9182,65.12,76,75,7.0,broken clouds
575,Noumea,NC,-22.2763,166.4572,81.0,99,100,6.8,overcast clouds
576,Waqqas,JO,32.5427,35.6053,68.52,45,100,0.65,overcast clouds
577,Atbasar,KZ,51.8,68.3333,17.74,94,36,14.74,scattered clouds
578,San Juan,AR,-31.5375,-68.5364,72.3,54,98,18.79,overcast clouds
579,Severomuysk,RU,56.1481,113.4267,-1.07,97,79,4.9,broken clouds
580,Houma,US,29.5958,-90.7195,69.01,85,55,2.57,broken clouds
581,Abeche,TD,13.8292,20.8324,85.39,18,0,4.47,clear sky
582,Morondava,MG,-20.2833,44.2833,81.97,77,46,10.98,scattered clouds
583,Garowe,SO,8.4054,48.4845,80.91,26,0,6.15,clear sky
584,Pundaguitan,PH,6.3711,126.1689,78.26,86,100,7.16,heavy intensity rain
585,Taksimo,RU,56.3444,114.8794,-1.05,96,92,0.38,overcast clouds
586,Guapo,BR,-16.8306,-49.5319,88.18,55,48,2.51,scattered clouds
587,Greenwood,US,34.1668,-82.1165,71.87,46,1,0.0,clear sky
588,Hovd,MN,48.0056,91.6419,15.55,62,32,1.01,scattered clouds
589,Bhinga,IN,27.7167,81.9333,68.45,73,10,3.69,clear sky
590,Sayyan,YE,15.1718,44.3244,53.94,23,0,4.68,clear sky
591,Korla,CN,41.7597,86.1469,27.27,46,0,1.32,clear sky
592,Ardakan,IR,32.31,54.0175,50.38,55,1,2.98,clear sky
593,Oistins,BB,13.0667,-59.5333,86.09,70,40,18.41,scattered clouds
594,Narragansett,US,41.4501,-71.4495,43.83,52,1,17.0,clear sky
595,Sri Aman,MY,1.2376,111.4621,74.17,99,100,1.92,overcast clouds
596,Teya,RU,60.3778,92.6267,29.55,88,100,12.95,overcast clouds
597,Finnsnes,NO,69.2296,17.9811,20.34,96,46,5.77,scattered clouds
598,Mumford,GH,5.2618,-0.759,83.17,74,78,11.86,broken clouds
599,Lichuan,CN,30.3,108.85,40.5,78,100,0.83,overcast clouds
600,Vila,PT,42.0304,-8.1588,42.69,92,96,3.87,overcast clouds
601,Nerja,ES,36.7585,-3.8873,65.95,35,0,1.43,clear sky
602,Umm Lajj,SA,25.0213,37.2685,77.88,56,13,9.93,few clouds
603,Marsh Harbour,BS,26.5412,-77.0636,73.76,63,52,12.35,broken clouds
604,Makubetsu,JP,45.3714,141.8211,33.82,86,98,12.03,light rain
605,Laurens,US,32.4502,-82.9165,70.02,49,1,4.61,clear sky
606,Ust-Nera,RU,64.5667,143.2,-20.51,99,100,2.01,overcast clouds
607,Tazovskiy,RU,67.4667,78.7,-11.61,87,100,16.31,overcast clouds
608,Savannah Bight,HN,16.45,-85.85,82.0,64,37,11.74,scattered clouds
609,Musoma,TZ,-1.5,33.8,74.12,71,97,6.08,overcast clouds
610,Krasnoselkup,RU,65.7,82.4667,0.57,95,100,14.47,light snow
611,Lithakia,GR,37.7167,20.8333,63.77,88,75,25.32,thunderstorm
612,Lengshuijiang,CN,27.6881,111.4294,51.12,54,65,0.49,broken clouds
613,Sampit,ID,-2.5333,112.95,76.17,94,95,2.75,moderate rain
614,Mtambile,TZ,-5.3833,39.7,80.42,72,38,8.01,scattered clouds
615,Richards Bay,ZA,-28.783,32.0377,71.19,77,99,7.58,overcast clouds
616,Mairi,BR,-11.7114,-40.1489,88.59,46,62,4.63,broken clouds
617,Tsaratanana,MG,-16.7833,47.65,82.27,51,8,13.15,clear sky
618,Ensenada,MX,31.8667,-116.6167,62.87,66,2,2.33,clear sky
619,Melilla,ES,35.2937,-2.9383,61.18,44,0,13.8,clear sky
620,Shihezi,CN,44.3,86.0333,24.55,86,44,3.02,scattered clouds
621,Qaqortoq,GL,60.7167,-46.0333,18.1,68,9,8.48,clear sky
622,Shubarkuduk,KZ,49.1447,56.4872,31.86,82,79,8.86,broken clouds
623,Suksun,RU,57.1431,57.3949,25.88,92,98,13.11,overcast clouds
624,Baracoa,CU,20.3467,-74.4958,81.45,72,93,10.33,overcast clouds
625,Bonavista,CA,48.6499,-53.1147,49.12,94,100,35.14,light rain
626,Jati,PK,24.3539,68.2671,74.43,31,0,3.42,clear sky
627,Upata,VE,8.0086,-62.3989,81.19,47,76,5.97,broken clouds
628,Juegang,CN,32.3174,121.1855,43.92,60,0,4.61,clear sky
629,Tianmen,CN,30.6516,113.1603,52.3,22,100,3.8,overcast clouds
630,Novoilinsk,RU,51.6829,108.7143,10.8,92,60,2.44,broken clouds
631,Ust-Kuyga,RU,70.0167,135.6,-43.51,99,97,7.92,overcast clouds
632,Imola,IT,44.3523,11.7158,46.45,70,83,3.69,broken clouds
633,Talipparamba,IN,12.05,75.35,75.92,92,100,2.28,overcast clouds
634,Arman,RU,59.7,150.1667,-1.98,97,100,10.65,overcast clouds
635,Nanyamba,TZ,-10.6833,39.8333,79.39,60,26,9.13,scattered clouds
636,Tlacotepec,MX,20.0667,-97.8667,66.33,57,3,3.85,clear sky
637,Mzimba,MW,-11.9,33.6,74.39,35,0,7.74,clear sky
638,Bandarbeyla,SO,9.4942,50.8122,78.71,61,1,19.71,clear sky
639,Klyuchi,RU,52.2667,79.1667,27.66,88,80,10.76,broken clouds
640,Bahia Blanca,AR,-38.7196,-62.2724,63.46,78,100,14.85,overcast clouds
641,Cururupu,BR,-1.8283,-44.8683,82.13,77,97,2.46,overcast clouds
642,Kommunisticheskiy,RU,61.6789,64.4819,13.73,91,95,8.41,overcast clouds
643,Taoudenni,ML,22.6783,-3.9836,78.62,10,51,11.21,broken clouds
644,Terney,RU,45.0503,136.6092,10.96,74,1,10.94,clear sky
645,Sohag,EG,26.557,31.6948,67.89,32,19,8.03,few clouds
646,Steubenville,US,40.3698,-80.634,42.8,75,97,3.0,overcast clouds
647,Arlit,NE,18.7369,7.3853,85.21,9,84,5.7,broken clouds
648,Samarai,PG,-10.6167,150.6667,81.32,81,100,6.22,overcast clouds
649,Buritis,BR,-15.6178,-46.4233,89.06,54,91,1.03,overcast clouds
650,San Policarpo,PH,12.1791,125.5072,78.67,74,100,15.21,moderate rain
651,Taozhuang,CN,34.85,117.3333,42.57,47,0,1.92,clear sky
652,Nieuwkoop,NL,52.1508,4.7764,42.15,93,75,13.0,broken clouds
653,Yabrud,SY,33.9674,36.6574,44.26,66,97,1.92,overcast clouds
654,Xichang,CN,27.8964,102.2634,50.65,89,100,0.81,overcast clouds
655,Bafoulabe,ML,13.8065,-10.8321,101.75,8,29,6.26,scattered clouds
656,Kloulklubed,PW,7.0419,134.2556,75.7,84,100,20.92,light rain
657,Daru,PG,-9.0763,143.2092,80.92,84,100,6.24,overcast clouds
658,Ucluelet,CA,48.9329,-125.5528,32.95,74,100,3.94,overcast clouds
659,Temiscaming,CA,46.7212,-79.0971,17.47,52,3,9.22,clear sky
660,Sterling,US,39.0062,-77.4286,54.34,52,75,8.01,broken clouds
661,Haapiti,PF,-17.5667,-149.8667,74.93,71,23,18.41,few clouds
662,Buturlino,RU,55.5667,44.8974,35.06,93,100,10.22,overcast clouds
663,Partenit,UA,44.578,34.3446,54.21,81,82,12.17,broken clouds
664,Marystown,CA,47.1666,-55.1483,53.85,100,100,11.99,overcast clouds
665,Mindelo,CV,16.8901,-24.9804,76.55,53,20,32.21,few clouds
666,Ha Tinh,VN,18.3333,105.9,60.1,73,25,2.82,scattered clouds
667,Faya,SA,18.3851,42.4509,59.23,32,1,4.68,clear sky
668,Rizhao,CN,35.4275,119.4553,41.14,52,0,6.89,clear sky
669,Auki,SB,-8.7676,160.7034,77.16,86,87,1.9,overcast clouds
670,Naron,ES,43.5167,-8.1528,57.04,92,99,11.61,overcast clouds
671,Itarema,BR,-2.9248,-39.9167,89.67,55,94,16.93,overcast clouds
672,Riachao,BR,-7.3619,-46.6172,79.72,75,100,2.98,overcast clouds
673,Manyana,BW,-23.4,21.7167,89.87,25,63,16.17,broken clouds
674,Graaff-Reinet,ZA,-32.2522,24.5308,86.36,15,59,16.02,broken clouds
675,Ibra,OM,22.6906,58.5334,72.16,39,16,7.7,few clouds
676,Talara,PE,-4.5772,-81.2719,77.76,65,0,14.97,clear sky
677,Seoul,KR,37.5683,126.9778,31.44,34,0,7.05,clear sky
678,Bombay,IN,19.0144,72.8479,78.78,89,40,6.91,haze
679,Superior,US,46.7208,-92.1041,35.28,90,90,3.44,overcast clouds
680,Awbari,LY,26.5921,12.7805,77.47,16,100,17.05,overcast clouds
681,Mehamn,NO,71.0357,27.8492,24.98,73,40,8.05,scattered clouds
682,Tsumeb,NA,-19.2333,17.7167,86.88,31,46,11.18,scattered clouds
683,Wajir,KE,1.7471,40.0573,87.53,44,100,10.92,overcast clouds
684,Inirida,CO,3.8653,-67.9239,84.43,72,68,0.92,broken clouds
685,Byron Bay,AU,-28.65,153.6167,70.88,91,37,4.52,scattered clouds
686,Axim,GH,4.8699,-2.2405,84.33,69,76,9.17,broken clouds
687,Urdoma,RU,61.7533,48.5442,-1.01,100,94,3.38,overcast clouds
688,Mollendo,PE,-17.0231,-72.0147,70.43,73,69,9.48,broken clouds
689,Sungaipenuh,ID,-2.0833,101.3833,65.64,92,100,2.8,overcast clouds
690,Sistranda,NO,63.7256,8.834,21.9,68,2,24.99,clear sky
691,Santa Helena De Goias,BR,-17.8136,-50.5969,86.52,51,43,4.34,scattered clouds
692,Maragogi,BR,-9.0122,-35.2225,87.37,56,21,12.93,few clouds
693,Ritchie,ZA,-29.038,24.6028,79.81,54,100,11.01,overcast clouds
694,Kemijarvi,FI,66.7131,27.4306,7.23,97,88,3.87,overcast clouds
695,Lieksa,FI,63.3167,30.0167,16.21,77,100,13.44,overcast clouds
696,Juneau,US,58.3019,-134.4197,30.22,95,90,5.75,snow
697,Alta Floresta,BR,-9.8756,-56.0861,77.25,93,100,5.57,overcast clouds
